income,credit_score,years_employed,gender,approved
38287.38793398878,611.2888225306363,34,female,0
79946.90893167171,639.9311347147774,28,female,0
65659.56996103984,754.8128395169509,37,female,1
29874.10572163816,743.0518427223166,1,male,0
48427.99496062927,623.981643801674,18,male,0
93028.73074194303,677.6279918077458,22,female,0
11466.415132138514,723.1743627462203,6,male,0
51421.747422876455,719.6246629005346,15,female,0
85318.72517411067,618.6416401395809,18,male,1
42665.19195469796,713.000484108192,36,male,1
46422.276967558915,669.6073684587716,16,female,0
58105.82062126218,759.9333952472956,11,female,1
89827.79252248576,689.9910113674481,9,female,0
47221.96006630698,717.9643735211135,35,male,0
51120.36080707869,694.5439696259447,8,female,0
51312.97448762965,733.3222230159089,24,female,1
104118.60165450911,661.5965289495142,12,male,1
103735.72177947573,733.4126647339488,9,female,1
80081.07795757754,760.4481410003688,18,male,1
67723.72798349711,791.7780323953391,26,female,0
74747.37151792484,779.189480547857,18,male,1
89814.64056301597,673.1939083158096,2,male,1
41283.32263195218,728.857486173429,25,male,0
83516.58089564207,740.3748618825819,19,male,1
34922.38664501975,729.5022427674678,31,female,0
47244.969950931794,737.6739233693944,28,male,0
78142.10391600602,721.1971806796496,35,female,1
31426.38599548062,672.7372296116049,0,male,1
57198.62559622668,710.3555276715215,19,female,0
42764.90208280629,742.3393350649932,28,male,0
54887.61258938806,723.0802696615384,9,female,0
4028.2178907855123,645.1823247411678,32,male,0
24569.337909803056,656.1190861625038,11,female,0
46002.45530804165,679.537919162899,21,male,0
78549.24863517165,689.7593249227816,14,male,1
56527.28634419569,707.8636614201928,31,male,1
60056.91831793622,651.1452748347884,13,female,0
73764.4542220457,739.7477917053145,30,female,1
42409.273139818964,607.1217837865007,25,male,0
65672.54647614581,726.4350843135283,33,female,1
43892.66963868769,725.326671381001,30,female,0
25446.610117587858,732.2049327066633,9,female,0
52182.00412489798,546.6506183537667,7,male,0
71476.11724810116,632.5362257791929,14,female,0
66771.78101999604,682.3651991296489,23,male,1
59763.39011042361,708.414101890243,0,male,0
107847.30531875452,695.9304298957353,26,female,0
68258.24320617557,659.3126700014683,36,female,0
79574.72011874693,764.1521993384787,2,female,1
104762.86676995906,716.2014749794702,18,female,1
34118.293536775025,680.262254058841,28,male,0
39224.23579590093,650.6214234830519,9,female,0
94874.2445024586,703.4106644958631,2,male,1
44038.74529517875,762.9350220384002,20,male,0
60593.6646060666,701.7589913711982,16,female,0
81386.31938848697,698.3976283414278,9,male,0
77814.12782586341,703.3141197322436,34,female,1
95097.72363962219,706.0307933842961,35,female,1
89912.88274066939,688.3406712682772,34,male,1
81387.85339411473,651.3572497365903,27,female,1
44545.82571505617,776.4507154558573,33,female,1
75897.25335586436,731.874630112987,11,male,1
66285.43989013734,805.8566698249506,27,female,0
33474.69080119088,724.8777970983771,0,male,1
88345.98092953705,688.4354028248274,27,male,1
76144.73069157133,652.7081659584858,25,female,0
60909.801612621945,683.5002113912817,16,female,0
55338.15878031173,642.3528524125489,29,female,0
36033.97710598426,804.8920338050596,14,female,1
63990.48147117265,699.1484145251195,15,female,0
69368.78238891289,739.3028304049744,2,male,0
43376.900315134415,748.09843279086,20,male,1
83244.08098199058,754.0457566232142,5,female,0
38055.939070339315,827.3934891817878,38,female,1
17537.992999151167,695.229405173184,8,male,0
80794.54181785401,690.9068967901603,26,male,1
51932.67923795785,708.2240145988402,35,male,1
57479.408293739696,737.4270764380058,15,female,0
43249.66554349894,708.9438554658369,2,male,0
27880.744785651947,686.5574366325961,7,male,0
85104.74749448437,664.2031302282519,12,male,1
46222.62032306157,661.2825258038114,23,female,0
93219.04976295879,713.4736341680198,36,female,1
76146.16372421457,650.0560875032454,33,male,1
53704.837065650805,609.2983700717566,7,male,0
38281.95197746267,705.7619764876632,14,female,0
45350.760265590856,758.1314958818374,7,male,1
35749.537378096604,733.0905475317402,3,female,0
101742.2671917637,699.1056079709002,7,female,1
63288.8246045965,720.1500916193091,23,male,1
83004.11085093264,617.6442148519427,13,female,0
34652.95901979545,665.5179917771281,25,male,0
63620.70259194008,783.903435464591,0,female,0
83557.23877617157,759.2059373797978,11,female,0
53299.78476133968,664.4213664481795,0,male,0
80622.28917843485,787.7156129207121,34,male,1
38308.641759884675,664.1054554093218,34,female,0
32730.569107628315,658.8403980764211,6,female,0
67588.01224156273,776.7958784083688,4,male,1
52416.47130854896,765.3870026689879,8,male,0
72841.09378543662,670.572024869842,16,male,1
20442.24136959102,697.545558770801,37,female,0
74245.29270941037,682.9150009254138,20,male,1
111966.07854538629,725.2069277552233,17,male,1
59507.48037137039,778.3695959233612,7,female,0
60682.84257819683,726.6077271181476,13,female,0
63590.98969277358,694.3047794205514,1,female,0
22760.48578416426,632.6849995378129,23,female,0
68522.93279380619,738.898156595918,0,female,0
27891.805119680706,638.8526425525446,19,male,0
51446.408037523914,690.6433465752185,24,female,0
84857.39099207474,747.9117821916132,25,male,1
45295.66087799847,740.5612730074162,37,female,1
70024.979791348,741.9356637662386,0,male,1
80254.78107912741,734.9460617591196,34,male,1
65574.81712192,707.2929730691872,31,female,1
32581.030598107845,715.1077312210886,24,female,0
53350.494492971724,704.6035132360217,25,female,0
99188.22684776572,724.1288716111244,16,male,1
19499.08474005058,726.7618220502455,5,female,0
54484.27972267649,706.666424609765,4,male,0
48957.838570237844,725.690706123203,0,male,0
62414.947261942776,665.7589485820243,37,female,1
74964.3123437446,684.6521661125557,18,female,1
92173.81936044106,711.5249280511837,9,female,0
54595.35215981684,796.175649128377,23,female,0
76246.8265995364,726.4495422064814,39,male,1
69994.80289730345,693.2632026634918,28,male,1
69486.94595743601,688.9888069099369,10,female,0
48721.52136947055,737.208275437347,22,male,0
40053.57062448199,695.1369340328729,19,female,0
37999.13774758606,731.8690492772799,27,female,1
44871.25581201754,725.5802028046604,21,female,0
66433.73151732453,637.6961016399978,23,female,0
75218.98786256659,723.6392511360838,26,male,1
66469.37695713791,723.2811907005383,27,female,0
49020.898076085185,739.8333934052736,32,female,1
96119.4021986495,658.145830608402,4,female,0
90377.3124726308,754.7055050066008,19,male,1
52919.99774499653,691.6601254354879,15,female,0
43531.37188028668,799.4137166684045,15,female,1
62604.29908315939,787.6216477279037,23,female,0
85345.97290108705,669.5969904144074,25,female,0
66655.29954508234,631.5390702551495,29,female,0
71130.97409820088,734.8621222287917,10,female,0
55758.397554487485,659.0015483196029,34,male,0
69125.41790404462,757.3753761538934,10,female,1
90890.88902912277,726.4930938803549,0,female,0
55206.62437044579,627.3195504426214,15,male,0
62866.15465015745,739.1032122096749,4,male,1
65076.329530992545,706.8625459280385,3,female,0
65674.50711542074,720.6055811963732,2,male,0
31762.22247857545,776.2023299899405,6,male,1
22462.626882522112,693.5038918968938,33,female,0
39606.89858156322,737.9010865691564,27,male,1
63358.84590803336,670.0805664828926,36,male,1
71077.12332006422,671.3097535859945,31,male,0
49386.50880452752,689.0926243163424,10,female,0
87545.14965734613,668.9809298792461,37,male,1
57136.48051347626,728.3930749169257,17,male,1
60406.31996469249,633.8281867099367,28,female,0
56120.72258894675,741.4773572159453,33,female,0
62680.5358549333,661.9235706354167,2,male,0
74089.48148087207,718.8852281908127,31,female,1
73313.06875824662,640.6283369263929,34,male,1
42031.541187808194,723.8866186879209,24,female,0
90473.27552957056,754.2003747971808,28,female,1
38099.47085146165,700.4885586470973,17,female,0
61584.540281812246,777.4341119388987,37,male,1
54512.06852955295,693.0046324029146,28,female,0
39020.166453630256,720.5683875939942,0,male,0
58497.58824052337,653.7266513451196,11,female,0
45183.72453415203,721.9215451412227,9,female,0
61458.14486552105,671.5930353644128,38,male,1
68061.71922438734,663.9804343205165,23,female,0
89438.58737946543,779.0051803960457,21,male,1
66147.68437254829,636.4889572413081,13,male,0
47775.4931939035,694.261577141074,1,female,0
52167.60378560797,735.6395132039347,34,female,0
62799.562122291274,711.7035453108114,36,male,1
61869.21658924302,607.6336503546447,4,male,0
89191.78536456841,730.1954634836391,4,male,1
87907.0585951391,631.0500520796354,32,male,0
52821.28147515477,677.8374025677193,11,female,0
49027.15743627604,687.7878673732838,29,male,1
8858.907918642835,553.9985339842721,26,male,0
49021.5917335556,694.7049717581868,3,female,0
40438.84587831433,733.2938698580625,26,male,0
52903.510838103626,691.4957786983114,32,female,0
67831.68484700222,709.2464906700311,22,male,1
63543.84658397976,813.0893426892914,11,female,0
59400.63985904915,756.2720116509182,14,male,1
63991.64222177027,702.969290885593,33,female,0
57477.64453538017,829.3504414281505,16,male,1
63940.37865086952,668.1814487800434,39,female,0
-4621.100158386245,725.9838554030388,2,female,0
54614.13020498492,621.1688048546548,13,male,0
57782.98557893986,719.9164002512105,11,male,0
53174.765675868286,694.4294845293842,15,female,0
55641.07475794116,703.039663340937,13,male,0
74066.2023561346,718.5240697489322,2,female,0
48037.89337318349,714.0001957496152,8,female,0
104014.04198434256,646.3686378925165,29,male,1
73765.93860444176,680.8327431703001,8,female,0
59873.85498172256,700.3030356990831,2,female,0
55866.75393604867,628.541219448246,16,female,0
58269.554272357294,740.1284725251647,7,female,0
41693.858601120424,794.1441154875042,8,female,1
58095.94921483981,715.1771767288724,29,female,1
65573.6703345411,673.6143417439941,19,female,0
71590.83231146459,584.9037769440826,3,female,0
71593.79558288667,623.9545871844041,25,female,0
54502.44906868131,716.9614432007706,3,female,0
31678.354949561395,763.1218268398752,27,female,0
46617.94747533109,688.9957815486384,8,male,1
92243.86085624776,625.6379366130225,27,female,0
77921.16626819895,656.448737793844,28,female,0
67392.39172608349,671.3885626211494,21,female,0
44774.11510479752,603.3726318175368,6,male,0
60072.90309947556,684.471688225999,39,female,0
34886.62628675036,744.6193379177066,2,male,0
48961.26248607853,615.9109042141521,25,male,0
55095.9331662961,672.0179973599667,17,male,0
52767.20136269574,598.7847862267857,21,male,0
79132.03862112024,659.0425328356837,38,female,0
31625.48171929095,692.5977985484374,34,female,0
42691.354569696916,751.0603106254745,29,female,1
32506.240579555615,722.7854316790969,39,male,1
35252.93574624292,640.8276149293974,19,female,0
62481.117928932974,704.6990654760078,9,male,0
27991.189338874567,683.30332943319,21,male,0
75077.37557675273,699.356493597606,16,female,0
55063.68446117849,690.0252586175172,7,female,0
61375.76665051955,715.6686033874552,39,male,1
66451.53475994407,709.0556318310386,2,male,0
51316.669594968174,743.3216740895294,13,male,1
80649.59431506754,705.8295943334913,15,female,0
56113.1454654473,784.4965355300299,24,female,1
71881.4051047814,725.9613091941687,19,female,0
56017.752344854955,773.9155167303666,9,male,0
65817.48774849848,736.0125011548371,18,male,1
65593.25340315922,666.3607131919044,0,female,0
64999.39878911062,762.1458948541224,28,male,1
40513.843007581614,759.2088564173921,14,male,0
68717.5154109488,556.3970695367193,39,male,0
53620.860218008085,672.5777327414219,5,male,0
72609.76060979837,772.1379553495402,25,male,1
16950.131111753915,752.7194019587711,8,female,0
30697.67555890098,626.9791245440562,4,female,0
67268.91124270057,742.9380907619284,18,male,1
97258.55170210457,786.3617450624785,15,male,1
76701.17493622474,730.3349211519384,8,male,1
46350.98131600039,626.2071912192719,26,male,1
26158.95169244088,660.8092332927893,33,male,0
74853.72442323237,720.0252187487365,39,male,1
58388.335559140985,689.2232518402425,25,female,0
71814.08435788771,763.8831338103057,34,female,1
62305.97444421582,736.5624367824853,15,female,0
60592.8585024099,798.1588838270286,7,female,0
119172.50891786352,751.0308456032313,32,female,1
59877.40077908842,727.6268673650161,38,male,1
56815.095814934706,684.2832840583528,14,female,0
57571.02649191956,770.2230881478978,8,female,0
48329.26566584686,700.2749171819476,17,male,0
79802.65789430625,648.704996584691,0,male,0
52924.91332437302,702.4085411748808,25,female,0
72718.85411289179,695.407221083459,2,male,0
65692.06059627113,650.3229905145957,30,male,1
84379.71724264853,741.3919239739336,39,female,1
68403.59193976723,692.9785884623127,24,male,0
35732.304381047055,719.7794311404368,14,male,0
33470.244298921185,660.9545696883438,3,male,0
88167.38292153802,691.7664402404705,34,male,1
47825.783934711166,738.7163081193829,12,female,0
33587.94840420695,687.6585849010276,32,female,0
46607.62800260483,681.7329215048663,21,female,0
85292.50573936015,809.2156851221268,16,female,0
31595.740021029756,715.8097462784096,26,male,1
42670.095924807814,736.6653263942758,19,female,0
46663.84982406961,737.3118966026973,26,female,0
34976.202530536095,704.8481818332946,2,female,0
36313.453229766725,726.38123136753,7,male,0
29637.84049472683,651.3494099242383,14,female,0
50776.25173726556,772.4104275947432,2,male,0
52901.8233651983,762.347488058879,28,female,0
46349.236915933885,709.5107284435841,28,female,1
26926.04322064718,700.3177937841859,32,female,0
85066.7189371199,638.0188464776717,32,female,0
33418.42341655679,751.4655485844808,5,male,0
65560.67424045742,687.2481598731813,29,female,0
38504.668137622495,730.4883454146374,8,female,0
73366.33733483055,627.9663002983773,14,male,0
79116.64710334329,731.572730818122,0,female,0
42447.728267446895,691.237447268243,5,male,0
21525.685406057484,700.5953935942345,25,female,0
73915.74638279216,629.1094116990364,1,male,0
97516.0109342727,733.9532148426653,25,female,1
68313.89079784868,669.3737323941406,8,female,0
63210.88842959436,697.649437275665,5,female,0
76395.21219220379,740.2090500705381,37,female,1
75301.09691994036,695.7165573023881,30,female,1
43420.2233247798,799.3121481116568,37,male,1
46816.97378606704,655.0598467384602,38,male,0
72222.47100111822,712.0242874076815,13,male,1
57119.73305039415,720.6661581739671,6,male,1
86332.11191727105,649.0513609841566,34,male,1
45913.15705742483,704.3704503808596,15,male,0
75012.19833736963,690.2559121456179,18,female,1
66852.75962738456,711.2907212973051,20,male,1
57471.248725807316,722.6823989710305,37,female,0
83518.21543669215,769.9125415980266,19,female,1
73601.4306573486,714.4086914615697,27,female,1
39900.65693235792,727.3534565711568,27,female,0
72804.37360839694,774.9657983451245,27,male,1
87499.81262988398,620.7868131571138,2,female,0
57391.10622030753,686.9401589565621,33,female,0
55026.88299230053,701.9085931770736,5,female,0
46607.05704712951,622.2219829691096,21,female,0
59727.92228649298,703.8340235240954,7,male,0
73724.0137210582,582.2097043632959,3,female,0
43646.63400842505,735.2768862325388,3,female,0
33072.8487852552,626.0857282120418,23,female,0
52485.001780361476,637.4407529911573,14,male,0
32405.500426825,726.2172176613029,38,female,1
70464.36882565264,616.6213326209647,18,male,0
51466.20460012398,802.689013728191,26,female,0
24891.963108983866,705.8301382856292,14,male,0
53027.849705229804,695.1453459380566,37,female,0
56147.70028411819,760.1596426031658,9,male,1
68982.71226719434,696.0145580455873,27,male,1
57092.72913691579,712.0315595415335,18,female,0
97374.52913679616,692.204990963807,2,male,1
49625.92296922001,674.9091448522173,38,male,1
58752.02902835387,718.5593752544762,30,male,1
57941.78771474659,726.2514027063536,1,female,0
54347.43231185953,636.3430877362141,19,male,0
62848.5117002588,655.9413512586879,35,female,0
70824.62594395346,667.0292473751989,5,female,0
86801.9740707287,698.5205892452452,25,female,1
28614.877452110733,717.2830308741122,1,female,0
49793.142523877585,807.8042822422668,14,male,1
51044.57149295513,713.7520075616037,0,male,0
78757.00594723412,691.2828159299884,30,male,1
52866.73877853312,664.2559612694592,2,male,0
22096.488138413624,749.2641282854581,0,female,0
61754.609277331525,699.4048764388168,32,female,1
59326.21536918122,717.0877284076008,30,male,1
63595.031315426306,699.9660417696258,15,female,0
39196.74238041036,727.528867127424,15,female,0
94380.69362169006,723.9350002846,20,female,1
53522.80432429307,718.6921352536492,32,female,0
56234.06283012666,700.1916543146255,29,female,1
41999.828603816786,704.6714396073506,19,female,0
41379.95992250553,719.1159779496357,2,male,0
35545.26080502429,603.7901907538878,17,female,0
52133.782964376864,698.2963685590615,8,male,1
40848.363224867324,749.0394736531978,35,female,1
101129.34682450444,675.9842744329477,29,female,0
22230.1523922637,595.4940500623504,23,female,0
37433.389036364126,630.7482471804664,35,female,0
51971.71143085971,703.7598768495724,37,female,0
73469.8255619665,663.9620215889887,21,male,1
51724.862372398755,706.6962472193015,14,male,0
73519.26786005955,699.0768916273872,27,female,1
40263.92221419356,676.5422949550712,35,female,0
61185.82267789413,654.2501088854929,36,female,0
94880.82174021666,709.77434773908,6,female,0
40645.11208601044,703.4465847717371,7,male,0
68391.35351790789,693.8055251518689,2,male,1
64138.5503856652,743.6207218528501,14,male,1
14969.300280242598,710.0667219112413,28,male,0
48220.58907058642,670.1984232013624,21,male,1
82623.03810611978,682.0703024963201,23,female,1
62701.55344969397,696.9034525710398,2,male,0
35754.620742078725,706.1595386586672,7,female,0
73815.54545831286,766.8207585377976,32,female,1
50417.54109371295,784.4038620445814,29,male,0
67201.01456161673,676.5527343970577,26,male,1
67538.40228875261,649.0296434063703,36,male,1
37626.087977088544,672.8559243419573,25,male,0
75796.56069468598,721.0063131358918,4,male,0
39849.82397529648,741.6393174094608,27,female,0
33884.282673167196,679.5942571553454,9,female,0
42343.42024555926,654.2911709307525,20,male,0
53078.19932273611,719.1180584916114,31,female,1
62188.06312882525,731.1796461134297,16,female,0
44548.3253525512,751.7321852573305,11,male,0
74896.38624790232,668.1141394943264,0,male,0
65029.283680871886,716.44312376084,33,female,1
46104.03569788994,618.4150214771715,8,female,0
77779.85835189711,694.7151470923617,37,male,1
83221.36715292967,735.9257253198462,22,female,1
58026.30606380973,774.1860345832808,0,male,1
55700.33910072218,715.1081476936,23,female,0
24524.572934872966,687.9124928671026,34,male,1
51849.74815217062,629.7019532980246,7,female,0
54169.8657486927,711.4185550132279,3,male,0
64907.58814519384,731.5879459532332,37,female,0
56631.47136739054,750.6832880003517,17,female,0
64880.53876280989,712.1605855327424,38,female,1
90681.8057860773,652.2264316579417,21,male,1
49401.71802732647,727.6751920595713,20,female,0
50180.554348683065,784.4939764678293,9,female,0
33816.69371394836,686.8800712989672,28,male,1
59826.790665168286,659.8776966202033,16,female,0
79536.2596493922,683.5161594756221,10,female,0
24978.593016152605,699.3410677938847,15,male,0
46682.86065961225,673.8259235934097,38,male,1
60718.81005007837,735.3166420242302,11,female,0
77002.05767048875,721.5365090950716,14,male,1
67657.4047805373,683.2837344218312,15,male,0
66509.27256364262,699.0087378574445,29,male,1
55513.74428058198,623.04670750609,9,female,0
69637.48514037431,716.0627137754694,0,male,0
80286.07767066921,630.309667831247,0,male,0
25820.164469015937,686.1334221955011,33,female,0
74570.70801670267,676.932776813482,17,female,0
58024.803882665736,723.3289500324674,27,female,0
49400.222715709715,677.7928970058509,21,female,0
11138.484282413701,697.6521026225028,1,female,0
32392.973526914015,774.7596016899969,3,male,1
93961.17984494501,621.5283980113411,19,female,0
46229.02935072891,705.6550813357006,18,female,0
38304.62457493836,743.2104635445528,32,male,1
50871.48087712815,668.6124901949602,29,male,1
45097.055562828136,701.0461232131612,0,male,0
62487.17265237831,631.9335570599532,9,male,0
90339.47356493222,619.5610431815064,10,male,1
48267.680982955724,736.1054511102205,24,female,1
63085.80101103742,683.642819992284,17,female,0
37055.25717519529,634.3657576648518,26,female,0
90403.32884413064,676.3310525233475,17,female,0
63780.8688482822,730.2217199777564,9,male,0
38363.61753418761,727.5615858606781,39,male,1
78086.12440269285,752.386708607979,17,male,1
83999.75297165227,674.8001574137129,31,male,1
63229.12726815271,668.6281712459419,1,female,0
27212.06064918448,716.5440698110804,33,male,0
95703.37627032949,750.0047780833884,3,female,0
66202.45041253052,681.272071915693,20,male,1
83409.08594722906,747.9095570149103,3,male,0
48982.13589765715,683.3265089878812,14,male,0
52027.52150532199,801.872597118769,30,male,1
62209.06218581131,614.0163048088957,25,male,0
82268.0335607176,776.7417438439643,1,female,1
62859.800563343226,625.1259899153912,20,male,0
34863.32374932637,761.1586680164406,29,female,0
65239.78393566682,704.2900321394811,6,male,0
92590.68389021534,677.3328547400841,35,male,1
61316.125649256624,654.5614880537458,37,female,1
62587.71047552965,653.5938928119733,35,female,0
34749.1251443236,734.0877978310624,35,female,0
31940.218245543212,723.0154606990822,13,female,0
47246.157223735165,690.5777733810905,20,male,0
53469.64706762553,698.67078787933,33,male,1
62081.2147002056,656.4359401285478,18,female,0
63319.13948948353,693.3716276505367,3,male,1
92038.15302033856,744.2920555858892,1,female,0
61173.7487689982,654.6204002263341,14,female,0
81288.45376821815,726.0568757219692,29,male,0
59213.41330710169,676.9276568422703,6,female,0
88978.07223251522,623.6215366873189,18,female,0
22592.050425055982,753.0839415940486,2,male,0
48025.364666431415,631.302642107429,27,male,1
79660.66792518481,676.7586133343297,26,male,1
56568.07989486569,753.4626717737171,30,female,1
78630.59226775932,660.6394603111942,30,male,1
67701.32205554542,747.1276711910205,21,male,1
78917.53967426068,677.5749214171819,6,female,0
72261.35456057687,695.3205410865561,28,female,1
73472.978676275,794.2273738402622,20,male,1
89849.107743031,756.7895330583414,9,male,1
79729.48037401879,704.3092716467362,36,female,1
79876.13414272819,667.3004726215096,7,female,0
60408.37517571153,701.3443134728628,30,male,1
48362.995803662554,782.4804864997209,38,male,1
46808.79823455407,808.6025456791403,5,female,0
75018.8919437936,669.0083982981705,24,male,1
11230.788719099524,772.2122531245694,1,female,0
33856.43623391428,621.108610610868,5,female,0
40734.9262824242,729.4103204014853,1,male,0
55047.57242612766,718.7183210371805,8,female,0
7371.239263833326,752.0548460957903,12,male,0
85174.42605178665,658.3795587156375,5,male,0
72003.50472659187,707.300857686244,28,female,1
99691.64796917133,606.9120123131727,5,male,0
81244.28937845564,668.4967390846375,36,female,1
80607.58662304055,699.1498208663008,15,male,1
105013.52062061735,709.7256541294614,3,female,0
48580.8382628514,839.5985583182021,8,female,0
29930.83201501211,674.5302503175034,18,female,0
55352.85207014521,701.0425508228507,12,female,0
43500.15892305679,642.3998769257871,4,female,0
54863.092779511055,605.6801701001789,16,female,0
38995.62019483819,744.9177453454035,2,male,1
71357.60134907994,745.2726417984215,7,female,0
70259.65699197448,631.2279730092982,36,female,0
59461.54818863455,615.5104552655688,0,male,0
66231.6300676576,668.2059195137132,39,male,1
57158.98545741634,783.3512893421967,1,female,0
75040.67336534563,625.5929325392196,0,female,0
61392.81498970712,734.0898428847667,20,female,1
54691.087502084534,706.5713315309421,20,male,0
78591.68939885421,684.9091272922892,23,male,1
85216.42538453522,669.7699199022405,20,female,0
86749.07651282425,712.2491023070095,13,female,1
40194.506213610366,684.460246667282,14,female,0
49311.05583916605,680.0339800650527,12,female,0
25970.07810504616,689.6230124588897,18,female,0
55228.69963592788,755.5811243607968,33,male,1
68322.47628955252,710.6420717641945,36,female,1
57343.976509760505,703.4475962259122,26,male,1
98617.01734096603,769.1289395887204,38,female,1
51883.132497772865,686.5925773551336,18,male,0
38229.82889022142,771.641878333632,6,male,0
71370.08413335751,666.2093852046364,18,male,1
62998.67656996321,726.5574456679728,13,male,0
70992.85191600771,683.84483552871,12,female,1
66075.7586157238,696.5751861775065,12,male,0
64875.315210617475,667.8380382120694,1,female,0
17554.022339148163,685.2306644353368,34,female,0
45477.71944965308,664.9704561998095,18,male,1
48193.50164094271,720.1425899783046,21,female,0
53040.71324130147,658.7615925894085,19,male,0
51032.167230781175,726.8278857578326,33,male,1
68256.37523375382,817.3532932754775,14,female,1
72017.65017384039,622.247935339193,36,male,1
37367.18146497695,581.3939311180676,9,male,1
73736.08813589356,650.5902235184003,10,female,0
71715.36277334142,737.1648399591377,5,male,1
69315.40132076433,664.4419999145814,5,male,0
31642.110239406615,728.8740543841934,34,male,1
68811.64600577998,747.4610624908532,32,male,1
61651.9083907254,687.4460941301801,27,female,0
79217.60150427688,744.2384125499154,32,male,1
95687.13590602606,586.524911333193,7,female,0
91761.35771188524,741.7266365487603,28,male,1
62252.88344479856,739.9651686629553,23,male,1
59962.506165484585,695.0283569104929,15,female,0
72638.96568018665,750.1768281323475,15,female,1
37699.200931611194,772.0481442289838,1,male,1
30986.33716790399,796.6410290935748,18,male,1
50549.38815950003,797.0624647782042,10,male,1
84411.37827429055,702.776276465781,13,male,1
53377.43403435056,692.9391400162948,31,female,0
90051.6181161887,696.0949356998218,37,female,1
4237.742338299955,566.2754854848444,32,male,0
28255.87146424739,734.9078390485316,8,female,0
57526.22534288601,817.4677847283939,39,male,1
77763.89082681751,728.2916774430701,23,male,1
58607.53802559815,628.9260577520586,30,male,0
58086.94511013401,650.2654151278782,8,male,0
57565.17009485816,653.0787132291726,4,male,0
24742.04531197851,782.852599067253,36,female,0
83161.37748879706,725.1196909625019,26,male,1
46344.70560325257,731.9064316962578,15,male,0
81790.65314428906,717.676485695759,13,female,0
58589.531640753004,644.4260635165654,24,female,0
81363.20774658163,652.8044645732607,4,male,1
66865.15961955133,734.0369242398295,36,female,0
57866.51018883516,704.3105773607464,15,male,0
64525.23294137405,607.0950790320774,19,male,1
30540.44781776848,739.301349852465,1,female,0
60120.5865434207,770.8364846163867,12,female,0
94320.80644224263,700.3195940601312,21,female,0
86163.8712797743,684.2017743685358,19,male,1
40299.528346038554,768.2896179359553,34,female,1
70113.71702675846,690.2134118854212,36,male,1
64959.597694950775,669.3089033832491,3,female,0
76343.76560234817,623.0748215050296,33,male,1
61883.05771044424,675.4400598833223,19,male,0
55329.920137398,793.3500315756837,9,female,0
86612.61552721297,758.1902356626823,0,female,1
64327.9313654402,705.9682409543503,29,male,1
85109.28643892628,699.7063021236361,11,female,0
79487.72406688987,749.4819660109026,2,female,0
53510.25516962184,705.1150701147563,14,female,0
56659.99451285681,636.8047630497499,23,female,0
98596.64867998046,707.2146012886292,26,male,1
63829.64650879824,708.7755127452679,0,female,0
44827.431532799514,700.6452227953401,33,female,0
35999.13444029953,712.872496880309,13,male,1
79482.64870515514,665.3549606808118,28,male,1
63205.87442192546,707.7536041177831,20,female,0
44158.16098942033,619.8360680368941,26,male,1
73491.6966247325,653.9684287894072,21,male,1
63194.97390111842,687.8072448258105,10,male,1
26790.49858474086,730.1268782212564,36,male,0
71773.71109421624,685.1334306172545,18,female,0
86663.81405686468,722.0099196203149,18,male,1
111197.00461264941,751.1338728974017,6,female,1
60698.05128124009,821.0116635276872,11,male,0
64652.99316421093,685.342811206116,8,male,1
92131.93610469608,667.8134309645816,16,female,0
63374.44533872958,701.9294567770156,7,male,1
65506.837261598455,709.9213002681953,0,female,0
47387.63217138848,727.3061691286729,12,male,0
32112.497745736207,740.6276753851099,6,female,1
78253.7587163971,685.8803615552154,2,female,0
34528.59526375512,736.3467287518187,18,female,0
82813.12485894926,704.0983089847755,0,male,1
44236.68882224681,761.3685820689018,22,female,0
65304.67916796598,686.0593683139722,26,female,0
52554.56537283428,707.0127801173402,3,male,0
83492.0047591468,713.5128085180351,24,male,1
66016.92804413162,756.6262631277555,39,female,1
99181.90705014284,699.7948246515637,36,male,1
38326.446412808364,648.1698058676523,4,female,0
68277.26163071513,615.2189100606577,19,male,0
60946.83761814266,751.7004927990026,17,male,1
65598.87142513845,732.0137254923447,7,male,0
91918.42343220898,783.097376350665,38,female,1
71706.36060184572,704.6233231330621,11,male,0
37049.49182645586,704.3298878089988,33,male,0
70670.21636679658,708.9683245465073,30,female,0
51687.612476884984,673.1980911725531,11,male,0
50532.900598584194,664.8101240270306,25,female,0
80917.14656066737,721.9198202398643,28,female,1
47953.20033947543,759.0422086785923,11,female,1
52405.393448397284,730.1904179039485,24,male,1
60648.145088077414,675.9500737620748,16,male,1
78923.71793490776,721.2324287533884,30,male,1
71631.79605722378,708.8231915209357,20,male,0
55311.70176164257,671.8323858135635,17,male,0
54556.470686252134,638.8745535632999,31,male,0
36797.40676932943,658.4695606206925,39,male,0
44803.29822814674,759.7740902986286,28,male,1
46912.37828359014,712.6809218851726,0,female,0
57014.181165051086,669.5438360295424,35,male,1
99735.26074338323,703.8282761986637,35,male,1
46490.61132427136,730.5424225774326,21,male,1
54083.41864188723,672.9926609099828,27,male,0
18952.031900467882,661.7492496459615,22,male,0
72011.42188621014,611.1799238336105,9,male,1
28451.02412345989,754.4274520779354,7,male,0
41868.209556712856,729.3961230453432,27,male,0
80846.70736881986,733.4694534691913,33,male,0
17901.43140842075,728.0960311572078,12,female,0
61918.4082479048,598.6204216599549,22,female,0
76018.59293330254,705.4804063400221,29,female,1
90508.88472880555,722.4984038805237,18,male,1
41598.13783020773,703.5366337678298,23,female,0
47519.502995202696,582.4335696444485,21,male,0
96088.72646805202,693.7596792141984,32,male,1
59498.797108368046,687.135677056256,37,male,1
45274.72131460656,751.8754317675302,27,male,1
45650.28325385545,694.8034620043919,10,female,0
40548.873528650685,673.9908972128434,15,female,0
51206.555891480144,673.9615982103111,26,female,0
81764.4095289869,736.142340569298,7,female,0
77755.32137146927,733.6252858099916,34,female,1
36514.593943493106,689.3013603296903,39,male,1
64291.721494084704,680.0558340352297,24,female,0
51956.80529854965,584.9017399996407,23,male,1
75648.80808208884,597.9175545437663,5,female,0
56872.80545541401,658.2274981615133,11,female,0
67430.49363599534,692.8060726835057,26,male,1
56827.895860830016,660.4518881897111,28,female,0
16258.281387235547,624.293207605787,20,male,0
60940.04890737289,698.1584665470658,15,female,1
34565.06100939827,698.9097905073505,7,male,1
74942.56823353682,765.4616744872646,17,female,1
46403.44215200424,682.0641344698699,1,male,1
47899.74687854021,688.26682540876,18,female,0
59821.94349975395,664.1457870270013,1,male,0
71555.87908448762,830.1927839219655,27,male,1
56605.123644017425,732.236466074444,25,male,1
92843.6554409004,658.582351816046,36,female,1
92976.35722971616,601.5005066929815,7,male,1
94309.37184339981,635.558707387264,2,female,0
55313.625508824654,654.0384354605583,17,male,0
30360.830877942906,631.9094419018203,4,male,0
84401.57028476558,694.0650904921572,2,male,0
51673.09429400448,649.1556091592522,6,male,1
60763.32624004016,619.7496509447286,38,female,1
72566.4020571034,731.8791857880826,18,female,0
27911.271989746958,622.9472337390628,30,male,0
92582.42410664995,572.3348343689431,20,male,0
77499.24658206615,746.8514676407544,35,female,1
67045.43164142946,789.5204092306963,9,female,1
77818.33500957383,702.0170186291665,31,female,1
71139.05078654696,734.3237960016343,34,female,0
62336.56231138155,733.5692075852136,0,female,0
53844.513557108796,817.7617770701715,4,female,0
45217.15451288435,650.484752662176,11,male,0
65744.28561806736,677.2947117173087,19,female,0
67224.06119543349,678.0467801622071,2,female,0
81663.97605376398,702.7086618254091,25,female,0
64013.200174383936,689.6351733826783,23,male,0
42935.96968438878,695.8872412148536,15,male,0
28475.34305206688,707.1345795146676,19,female,0
57448.756759801385,798.9002190591899,8,female,1
59450.83246620858,713.7015972419069,19,female,0
58038.168344128004,741.4707805546119,33,female,0
29389.74205288752,733.3953198006161,1,male,1
81489.30281071016,717.8222366073624,12,male,1
81452.59492467565,686.6812174035624,19,female,0
43534.29670771018,740.2376589456753,25,female,1
76119.64223244309,612.4680044074282,38,female,0
79056.61723623313,776.9945287552634,15,male,1
60768.94153295386,733.376593440993,35,female,0
41030.02747611846,705.0229053522576,14,male,0
92267.63070522048,699.3695232771461,13,female,0
67618.42867544453,710.995335034206,1,female,0
54979.25089575915,740.6811500985672,38,male,1
75456.90791345817,723.1474798558241,0,male,1
92444.16975700302,768.2684172416004,30,male,1
50056.79706622269,785.7490511832349,4,male,1
73828.45090513577,754.6984933832816,28,female,0
98863.20341449417,625.4229469928893,11,male,1
37668.703315290404,673.9401035392198,22,male,0
49014.92822543874,748.8618517972425,22,female,1
48042.8983881559,806.5162433000398,14,female,1
56833.457259015595,670.6543237104114,13,female,0
55800.525282316106,730.0026270086043,5,male,0
66015.908787341,761.396449974933,4,female,0
43592.48959730526,705.2986500471156,3,male,0
47546.73022238213,639.096702240224,6,female,0
66025.80967965152,797.7632488699758,1,female,0
63098.237194674206,656.5899600598888,13,male,1
77481.59618320399,662.9961207933684,27,male,1
68187.10049851281,713.4186537754784,8,female,0
75436.93271121527,702.7588911972122,28,male,1
37140.95920917,654.1328285758857,23,male,0
52331.673777684344,783.8143945584306,34,female,1
96967.59901766891,726.0333992442037,17,female,1
67841.5609310334,745.2718966991018,10,male,1
74947.85923092633,697.8398060924145,30,male,1
65454.69474325589,699.6601681224638,6,male,0
68506.71713857571,766.1422598372798,30,female,1
55381.91896943653,673.9917058967715,33,female,1
131431.58436052623,682.188131445591,13,male,1
52076.88155180604,723.311846554611,25,female,1
59233.57564513697,745.2174154590971,22,male,1
11503.273490895022,745.3632933639444,21,male,0
82125.33315189443,652.8855754424164,19,male,1
48954.94100630146,645.8318533599067,25,male,0
58784.117879767175,657.5836900522104,2,male,0
49439.188982363376,744.1949782558656,14,female,1
57226.341094503085,744.1296840977931,9,male,1
54315.0580315874,716.0315602997546,34,male,1
59139.16448438703,714.8441223332641,12,male,1
58943.970346923066,617.4303635276063,7,male,0
56915.893770282346,715.9514334269641,4,female,0
56642.45546907441,621.3330811584256,7,male,0
86170.36904652034,741.2838845270489,21,male,1
77628.33839518516,684.237479103023,33,male,1
77748.84636893179,712.11484066843,4,male,0
45351.022377764486,689.329480368043,24,female,0
85136.41663696729,695.9899993022703,30,female,0
82632.89018391776,644.3078605892335,12,female,0
48931.9134239687,691.5601205971079,9,male,1
90477.04034399606,696.8464358599765,5,male,1
46335.48114000421,710.3327295762025,18,female,0
23159.36323189846,727.23238577059,31,male,0
82030.51972306345,724.0168825460896,3,male,1
57609.62439139849,713.4817177484716,28,female,1
79538.43129149966,667.384448065988,29,male,1
44915.956745516174,635.0248555006605,26,female,1
34764.599765059145,649.8792014498977,30,male,1
84637.4357724794,659.1244529800526,10,female,1
31854.628732084653,742.3173385925472,34,female,0
28779.389771252725,753.7766924410372,33,male,1
21488.26218471295,660.1744401954819,34,male,1
4110.554033848428,641.9995116710774,38,male,0
39217.9123347122,618.8725608856288,9,female,0
16611.84083175927,668.8149671204468,29,male,0
59287.890307803405,720.7855377169936,9,female,0
15271.65299350705,645.6179160529485,31,male,0
38114.531616480206,759.306829775052,31,male,1
106641.23992419314,718.3339301515246,23,male,1
66902.48481224143,753.3052133212094,5,female,0
61056.11350815453,660.1735792925058,25,female,0
27584.960393602854,735.6057912634399,31,female,0
55088.04668102458,644.5335536075129,12,female,0
60962.17126273234,734.5904938526444,20,male,1
27896.38408425882,772.0371525731215,38,female,0
62523.61361761238,771.3085138418456,2,male,1
83824.64914130198,673.4347383153787,29,female,0
53034.8376232124,655.8856296656279,28,male,0
56055.272631914304,691.7120264518431,38,male,0
19158.071690091536,778.5535138982405,0,male,0
32015.322627808262,631.8855919060196,28,female,0
81153.90202856432,624.3363499370525,24,male,0
46768.98706838988,597.7239836960196,10,male,0
41405.76731115166,704.7129647280498,19,male,1
46148.33768057286,615.0379396351885,7,male,0
58850.677459983395,759.5450050461657,1,male,0
36831.681782684165,782.0398556617156,13,male,1
62530.33011940471,693.1578545617216,3,female,0
32799.84645753882,819.6539654279986,29,female,1
75480.00004151571,711.6750406148126,32,male,1
38858.88445320795,674.7548604939564,33,female,0
86405.36637864201,673.9337053507134,5,male,0
59799.34694485233,771.6476330379202,20,female,0
43087.11143209541,739.6404529933288,11,male,1
78229.21219164631,598.4864473407682,38,male,0
32510.062417937752,605.9891213735626,25,female,0
49058.68709965181,626.5264856307631,25,female,0
59998.48946778769,670.3696236213837,9,male,0
57576.663934235825,635.0559689108463,28,female,0
19828.29063258748,661.7710994973949,30,female,0
41587.069147732676,658.8607033190216,16,female,1
63364.68684846864,643.9746149168675,6,female,0
33602.16881280179,805.9759355025653,28,female,0
85328.58597331692,770.961197300948,38,female,1
69903.61777571973,788.9984282873281,24,female,1
49715.192185778586,783.9200717627216,25,female,0
55594.15069399872,696.4575820710595,10,female,0
97231.28247663636,705.5324672011579,2,male,1
78719.76901752634,653.6180436099307,17,male,0
67604.38289732343,707.4188345480163,6,female,0
31689.624591314478,649.9870360513908,26,male,1
92592.22637291916,619.880320235332,35,female,0
81048.02137747956,661.6486193028214,16,female,0
57031.89224880258,743.6072887515475,6,female,0
49006.038615824305,704.8495691416105,24,female,0
56241.921224464546,730.1426299679224,39,female,1
35961.26638266053,700.8547826889904,22,female,0
50584.28884585319,654.0642865591238,33,male,1
75263.21028309032,725.9738711859728,21,male,1
23847.574455148562,704.7416183716205,29,female,0
53718.51251515451,765.7955720530911,10,male,0
62275.119457596746,767.7488885953968,31,male,1
62071.36074646657,685.1840966231184,13,male,0
36421.260919331486,706.0648662689165,10,female,0
36356.942173458796,655.2334547555879,17,male,1
81783.30764916768,657.011246516197,16,male,0
35509.41814367418,671.171972431881,11,male,0
80173.01912616874,724.6042832875482,3,male,0
50352.69369783017,673.9898414871506,27,male,0
81595.92700601871,777.2695159971277,11,male,1
51578.42989189972,723.6736954528446,7,male,1
36670.5735876739,686.5726725736336,30,male,0
77131.09712786923,750.7893857992307,34,male,1
59652.175555396054,663.2538852525223,5,female,0
88971.53170648903,667.7823517197814,17,female,0
77844.00170275677,767.3629740460706,33,female,1
55411.46742112408,634.6693876162011,24,female,0
51006.64796674052,692.517881715071,25,male,0
60467.44686574497,681.0197498104992,14,female,0
63804.20035718379,663.3202350316363,39,male,1
42365.02946536383,749.2907459404773,4,male,0
76838.79146049154,743.1276761064616,36,female,1
52052.730163792054,733.8607083050778,32,male,1
51539.44509693375,701.1508801320904,31,female,0
49186.233252549944,732.0830228992331,1,female,0
64620.34534686743,599.8900442829208,16,female,0
46158.94796558289,679.7638314023088,30,female,1
62699.40219980588,701.873239476792,19,male,0
115332.06142203743,670.5230124688933,32,male,1
58927.810798573155,709.2887538808704,24,female,0
51319.905234027035,819.1220693001436,28,male,1
26646.21543704198,705.6337599100893,38,female,0
61004.438495281385,720.5670801298016,8,male,1
37815.381135007876,710.1369092568649,20,male,0
52488.83762056854,640.0978076107277,32,male,1
63032.151872942864,625.597449138283,28,female,0
25380.211003556964,618.990933695225,23,male,0
63149.25504796917,714.0536949660619,1,male,1
66090.3035085209,598.0318594965838,18,female,0
34057.99960666697,732.1432337313558,15,female,0
52153.81615741825,689.8932223330526,36,female,1
23386.672756443906,722.5962579064982,2,male,0
91510.0187168481,633.6634446630333,21,male,1
66611.26553097689,777.6330212492375,18,male,0
56408.22998041796,697.04649872728,25,male,1
56731.28338687675,605.3317364825327,31,female,0
82628.87216131536,761.6760146305626,15,male,0
58116.68896158778,636.335689489796,18,male,0
66616.33542551506,638.9030171561299,34,female,0
90372.5912073099,640.1163014709853,34,male,1
53076.65703995604,684.4833743257516,29,female,0
38147.293509865354,729.3617239631842,6,female,0
43509.988504927576,727.9070747401597,20,male,0
88573.27668878598,826.0685556253877,5,male,1
61828.56617028114,666.8302431777786,18,female,0
49953.37423460651,677.1662591533344,10,male,0
79472.88759598318,631.8180675535766,19,male,1
79959.1477135432,645.1579689781743,10,female,0
50487.04464187122,756.0332952247874,16,female,0
40561.26325829099,674.8447967041519,10,male,0
28589.4279787758,722.5868285126479,10,female,0
24122.221581475264,701.60120211911,21,female,0
54700.27096308006,647.4882595992516,35,female,0
42136.08105926414,658.790039378428,25,female,0
97169.48819612371,606.2414035881202,27,male,0
61170.75509390049,689.8514813871931,0,female,0
21157.009134976797,703.9572658042391,12,male,0
88374.58551020126,684.7999541896262,24,male,1
63234.20618835191,749.668818024634,36,female,1
74099.58960746211,633.7722275131058,16,female,0
73640.69553666821,702.3249271593153,8,male,0
65931.13134573078,649.8091722160796,20,female,0
70466.85260869087,719.0360273059415,28,female,0
64775.21343459411,655.1640831174391,14,male,1
37872.281880691255,740.6285290500624,20,female,1
67334.64396284948,731.8680592341796,2,female,0
80478.1100998508,716.6355969916497,19,male,1
55798.87174708364,712.9118400906161,34,male,1
71026.0443613951,714.2871940013273,25,female,1
68391.78290396124,716.6639699813784,32,female,0
96313.04127838215,726.5903353329053,35,male,1
54944.993986004796,682.261715644384,25,male,0
54159.916744595175,643.9592714666572,25,female,0
57661.36519706501,697.8103463825636,0,female,0
57952.1784979262,725.6504142378569,10,male,0
14547.645780913961,725.5799112231692,5,female,0
47147.80317066857,786.5027639898956,14,male,0
65997.70133091547,675.0347959913605,12,male,0
59834.86970664293,629.4608185604502,19,female,0
44013.21691605735,672.7585672325426,35,male,1
46704.41495649239,678.8702943269533,13,female,0
52887.73743406082,659.7521459651055,16,male,0
43968.56438395159,648.039699341865,37,male,1
49738.98779113199,693.1814224427974,36,female,0
49212.19761042931,696.5444268356063,0,female,0
77907.41693214353,648.0864243659348,6,male,0
80327.82537082153,642.7782025256886,19,male,1
78671.70188789346,718.4981571565199,7,male,0
68534.03598350436,723.5793471803959,0,male,0
45833.550311729035,659.0669185477897,9,male,0
79196.60899987462,691.3997419553084,7,male,1
53714.9882696114,724.8311429707143,2,male,1
60461.04416518941,706.538084745443,10,male,1
86764.41063861176,778.1290610264572,12,female,1
61679.857122632806,632.8901284181,30,male,1
64945.68060475238,622.1615412204317,34,female,0
31744.410280068212,736.1414538878229,25,female,0
69740.18587533708,717.5059133933386,16,male,1
40399.86705395038,672.597800847831,7,male,0
80238.79312735805,754.3629381065158,29,male,1
56308.01645654299,667.7510751569748,34,male,1
15276.623159657793,725.5939207461894,29,male,0
52839.59794873316,691.0278901623784,4,male,0
55439.30923428165,661.248431863796,31,male,0
69709.50452156184,678.8055016257616,21,male,0
73410.24781294334,758.5762542463079,27,female,1
53444.71510557623,680.6876694868824,12,male,0
80257.36389707749,775.412870219514,31,male,1
-3341.106573058125,707.771433841972,3,male,0
45720.22003949541,687.3202641668814,24,male,0
37752.71458325627,649.7870100592423,12,male,0
34916.32978830158,733.8250630898724,34,female,1
79194.12742695022,710.3071801342537,4,female,0
76583.40798049698,696.086247515191,5,female,0
44484.59959179556,704.995390507568,27,female,0
83561.1400791992,693.9283028603428,8,male,1
62029.33784904836,640.1693055591326,38,female,1
51566.31798449694,732.7245894846516,5,male,0
46141.54407255126,792.8574580335896,9,male,0
44434.56547073815,784.9013283346616,35,female,0
69455.49714899069,705.2769134353775,25,female,0
73003.09801934005,687.3240198398435,2,female,0
64770.024243758184,704.2323125205972,0,female,0
18995.646452338056,668.9303088795008,20,female,0
65927.17312105809,714.0515342267299,30,female,1
71307.93128077612,718.7244135938125,13,male,1
46615.88789071102,639.8545448258112,26,male,1
60865.01085796706,683.5574114160166,21,male,0
22722.31401398505,743.7100845809488,25,female,0
35400.61876640454,745.0234370351152,11,female,0
53515.29303518946,637.0847224636673,9,male,0
53804.977119677875,754.7927443620708,25,male,0
67033.58743499203,685.7151292323849,37,male,1
36261.4922694118,698.6647332474859,36,female,1
53175.87870758654,691.8508003028509,11,male,0
50204.40439173182,594.3147301967742,37,male,1
70560.20947958415,721.0536726361393,33,female,0
88420.85536736663,619.5676626394203,2,male,0
94418.40639620149,741.5038149451917,16,female,0
28631.19906337285,634.895106983866,0,male,0
59039.71616499085,753.0086841655368,28,female,0
37749.413795104694,711.5539051142089,31,male,1
58705.100970275205,730.4194666632675,14,male,0
68458.38559231898,664.1496928350792,32,female,0
61629.81797406823,609.5510217426005,14,male,0
59019.76602411078,650.9504144113582,36,male,1
89660.78349530604,716.0416790249303,27,female,0
74419.78783407818,722.8387697798373,9,female,0
54546.91076924433,656.9703724230287,39,male,0
60484.22721790587,766.2693970010228,24,male,1
77417.95613578799,699.048100170195,6,female,1
72195.81012078558,617.9813439964456,2,female,0
51498.47792598357,713.4633923046181,3,male,0
24495.143177928614,661.3622872624296,26,female,0
36306.8501445462,741.1077462923673,30,male,1
62919.584500270306,711.2476748634384,34,female,0
24269.462946419888,707.5244941593348,5,male,0
56952.11003967145,685.5573044832465,2,female,0
50928.61647624942,756.1616442189234,20,male,0
79985.05606094407,654.5545178838793,14,female,0
33639.12353049089,716.8142903527345,39,female,0
21364.620421980224,702.0974072352376,17,male,0
51607.18516779784,648.3281150316496,21,male,0
72695.26263187046,696.2332568755735,7,female,1
81398.37197854705,652.6900463576405,39,male,1
41813.459668801144,802.021599727038,38,female,1
69405.27495192373,750.7958486610041,8,male,1
37771.39104475291,618.3105915741214,5,male,0
45023.45068861096,677.4700656220542,36,male,1
71351.8945205553,730.4795162039914,15,male,0
74363.01085103687,758.6872190347299,28,female,1
40012.38501452963,743.5907294636776,30,female,0
69497.9664587397,795.2361711168392,38,female,1
22630.003734989004,706.6745624633602,0,female,0
55946.82185668892,764.0921919523169,35,female,1
37315.03947443317,642.0406613121208,5,male,0
43846.01319605697,743.5250945500063,14,female,0
34478.45295711301,689.5182328381649,20,female,0
71072.5279067797,692.6664344289226,5,male,0
71077.48940863735,769.0295616160379,1,female,0
46175.99109334445,748.4319438346805,22,female,0
67511.64612887197,691.5935393836138,39,female,0
65225.45106270751,827.6115081701439,29,female,1
57430.96491333115,762.941484939031,25,female,1
103163.40399167156,677.9115353126367,23,female,0
43182.4276572028,578.8577885682705,36,male,0
60286.101814262736,713.8905969986575,23,female,0
52352.259414088825,680.4472417376969,28,male,0
52564.39970739157,668.6730672678251,18,female,1
63188.24008182959,675.2193920538754,0,female,0
54112.08599620711,707.656570019711,4,female,0
42791.46479815524,765.745625655625,27,female,1
62484.54995919462,650.9840887065984,38,male,1
83646.6329350797,696.4809826447395,19,female,0
78855.32759957,689.9124440700592,12,male,0
64060.88976817422,658.8113224188863,25,female,0
45292.06372402142,714.064789252234,14,female,0
63728.59200798939,788.6055669672928,17,male,1
81692.86046691878,730.8089305960931,20,female,1
83823.78524653974,703.5556986168195,35,male,1
67193.74119132792,678.060890935373,39,female,1
52712.85599667564,702.3393674757144,26,male,1
55944.94501134257,614.1228526272059,25,male,0
75440.91854677009,696.9911003556653,22,female,1
73726.92429742501,690.3350118551659,30,male,1
24846.007757240324,723.8676404834615,1,male,0
73172.35129584554,747.4252350139327,18,male,1
74225.76680059056,737.2664711200348,30,female,0
42256.17149989454,693.4031384802588,17,female,0
44700.377675526375,674.1295365485245,29,male,0
44856.71803764729,668.6303463497975,15,female,0
46394.74394954306,660.9147049327903,39,male,1
31665.008256115318,669.2467581020303,13,female,0
66261.83859103893,693.8436284605141,19,female,0
44285.61202464979,638.9873975507307,5,male,0
58592.323278174204,722.1614295681425,0,male,0
50048.62433902009,694.5746397501549,25,male,1
65103.5504279338,658.255713145128,5,female,0
39787.65927856098,667.9935163045574,17,female,0
64905.30749792932,741.9455056190571,5,female,0
67795.62031887386,745.2076642585789,37,male,1
76551.89170397256,819.4360639803042,37,male,1
99355.38178781315,728.356142100094,33,female,0
18157.964594915633,666.2197436178526,1,male,0
66406.28668746274,663.9427109289105,29,female,0
45816.7431678652,719.4576103273272,9,female,0
21498.82654177679,740.2818326561019,9,male,1
76832.61246613311,770.387326812019,3,male,1
86643.9976778981,656.2887034550753,28,male,1
52167.44579001485,705.0489800819323,8,female,0
64218.325924440214,641.9203742185309,7,female,0
58718.46519673686,718.9937348085582,4,female,0
68683.95336186393,649.3301053625353,32,male,1
77610.71497847195,772.7637179008168,20,male,1
66898.74671386793,661.0992165442048,4,male,0
66915.39858920318,730.4566830821209,29,male,1
85194.73085743267,707.5564552974209,19,female,1
56706.75555646763,702.454230415501,16,female,0
78461.291425979,609.7863347456672,4,male,0
43559.991556169625,695.4448543653546,8,female,0
92141.69893433404,651.0224560783686,30,male,0
74756.50784745811,670.7499961349394,7,female,0
51924.809322170804,724.4360489471975,2,male,0
17709.037058206668,835.8714366434149,14,male,0
59993.785657377,794.9102982090135,17,male,0
36363.811824585006,725.8318099537181,13,female,0
65992.69206359494,719.2696382376254,7,male,1
89023.37645600952,682.4583044551669,17,female,1
63201.19585592978,649.9482442148358,22,female,0
56439.747713509525,722.1487371883763,20,female,0
66844.10807991718,677.7775891555584,31,male,1
65713.0039221975,787.8102899390171,2,male,1
12742.717830955044,807.3192275955545,21,male,1
64818.73728141026,807.0210388583104,20,male,1
72405.54712235394,668.2251717740977,39,female,0
54813.16731414586,674.6366309325658,34,male,0
79571.18156281019,639.4540556618267,36,male,1
57446.50850834007,732.4199037594052,25,male,1
75339.9752496082,657.2582167091822,34,male,1
105462.10214124309,669.8113316398395,7,male,1
58072.177419470565,655.6215191471351,9,female,0
21157.356681635058,672.1583280213775,29,male,0
53268.165518487825,782.6862946002764,39,male,1
25482.1999041986,576.6666465947508,13,female,0
72224.75652880793,726.2946410578219,25,male,1
86187.01948066181,659.6800676968285,20,female,1
73917.5932343508,817.2106361375388,9,male,0
66406.1642549254,741.399276343659,4,female,0
47101.490849504844,649.0624501463559,18,female,0
91512.99491932956,669.4625337881743,22,male,1
75065.52423998638,671.5034564302108,25,male,1
65689.391134591,757.5328997718078,21,male,1
64097.206380931406,784.7233701223269,8,male,1
62232.547173000115,707.6808754935308,8,female,0
69044.32847918822,692.8389462204332,31,female,0
47733.45641876792,752.187250528967,6,male,1
90504.99868006841,701.3680629629205,34,male,1
63046.79505747886,723.3977958230291,29,male,1
72001.08900945002,711.0652023373653,24,female,0
51328.65444661147,660.5870591594455,9,female,0
67498.37067146854,768.1631526682614,13,male,1
14364.951473870402,670.4070262546212,32,male,1
37634.02243083684,796.8899624342721,13,female,0
59371.736936270754,759.0091917778806,6,male,1
33550.53779886666,709.6850425413276,27,female,0
108788.28127730335,637.8107160262363,34,male,1
26638.373721812233,783.7913548489656,8,male,1
66918.01498071876,715.768907106095,11,female,0
93115.46306948336,744.6784472663431,0,female,0
69625.7411882417,773.8467692380666,20,female,1
53795.44893237251,643.9998642362589,31,female,0
48957.11832334429,718.1815221998206,24,male,1
73465.10977545287,681.1536921929772,24,female,0
43994.58637914907,715.9744376502005,11,male,1
57610.27780382491,722.8563387349432,22,male,1
73823.9721143616,616.8213054324117,28,female,1
53842.41946847398,688.5960261831236,15,male,1
61750.200203774264,704.4824551557101,15,male,1
53918.274149019795,637.3837465334126,13,female,0
40604.04792986266,663.2326228555518,22,male,1
83783.00969444288,706.231743280496,24,female,0
87861.32481165986,734.312131219441,17,male,1
53666.000921932886,692.6648028122968,24,male,1
54688.47682642836,665.060722275247,21,female,0
56442.01322040256,649.7914380733765,8,male,0
70776.06547251563,682.1364373381522,8,female,0
41893.994695169415,660.0488576831041,36,male,1
58229.49388894819,729.7657887381947,3,male,0
65259.181103382914,712.649957592487,24,male,1
72840.84298774492,667.487206086229,28,male,1
4383.254502371601,711.4012543091397,15,female,0
68068.06419137024,816.5231753930123,21,male,1
66916.93523838167,737.6183391322907,34,male,1
80154.56473399268,712.7327149303068,11,female,0
49474.719695586085,735.8562973480576,12,female,0
49632.93589461866,763.21238460951,24,male,1
84050.33173339406,623.932466401142,7,male,0
28736.865877015818,678.6940260483552,17,male,0
92581.80582762799,669.1452346886211,9,male,1
111117.88918455652,667.7158240736355,22,female,1
69549.03369409771,805.7139112599583,15,male,1
76281.96947153227,725.5141501680782,1,male,0
30208.36585801312,755.7899874053908,39,female,0
46108.804266048544,714.946613431783,9,female,0
81157.25094344205,837.6432141287007,21,male,1
67236.30693964468,599.498062624241,10,female,0
56371.450739464584,675.78075985401,36,male,0
64657.38264679089,677.9689352326337,18,male,1
70139.52968640532,682.5603226219216,3,male,0
54138.085978259325,745.7250920024408,24,male,1
59421.08110046523,704.5102213710879,20,female,0
59273.852504021306,732.5266878580566,31,male,1
38954.42037178122,752.1154017461391,12,male,1
66471.89255918203,711.2704011923121,10,female,0
96071.71829226181,736.4263965028971,21,female,1
94639.24260372385,677.9877860261793,25,male,1
30472.014082964826,667.7561054167977,31,female,0
71412.62439753475,655.6899745951105,17,male,1
73510.07561811546,704.2204016554904,28,male,0
51789.79074352716,652.2929453719055,16,male,0
40715.999305752106,646.5024689919746,10,female,0
33583.713716567036,732.5704371170098,35,male,1
51105.92442299937,653.4793875386329,32,male,0
67000.18273214425,728.3714396435028,30,male,0
56838.83648465487,683.8922013606339,17,male,0
47781.338234736846,671.0657566445861,13,female,0
35016.86737298201,745.4312786056463,29,female,1
67014.32516776594,749.6155546364479,11,female,0
81330.8489393891,710.7098897240326,11,female,0
41461.560559310165,770.5014796016048,13,female,0
68968.57928297448,615.9223166453696,28,female,0
22410.495121791988,754.0418841833078,4,female,0
46850.677821175166,659.8073660575142,1,female,0
74592.08239031522,688.4569827990489,7,male,1
37644.65581220758,717.9275596675355,17,female,0
47911.26550375138,665.3181691677538,20,male,1
88359.33656873398,697.8678979622184,12,male,0
45343.120394949154,678.6628315104078,0,female,0
42921.103615414715,688.6155422896633,1,female,0
71516.96723861345,805.2249643807099,0,male,1
99094.67126310588,607.166915802297,39,male,1
55206.60105411763,689.2643469938014,28,female,0
75374.71720637199,719.641380030373,12,female,0
86915.38360230012,643.4172904343379,32,male,1
66511.04325761144,691.5875146828116,3,female,0
54601.64197629879,715.1438457436722,27,male,1
42473.46522749028,717.959261472517,22,male,1
31495.78078157871,741.1504594255991,32,male,1
82234.03490207614,754.845030357727,2,female,0
63619.14291483774,683.4715122771014,20,female,0
86656.01884845865,704.3783959451619,25,female,0
79778.50632699407,629.0339305305414,11,male,0
47660.589599447696,697.3747889001261,1,female,0
36262.2660019929,627.4463585999653,33,male,1
68253.39165873833,700.5436883152757,2,male,1
47349.86231317566,741.1711248431853,30,female,0
67533.78282001443,720.6611322183737,12,male,0
45376.96124677184,704.5607892620907,0,female,0
42775.494936054514,740.3506291898567,10,female,0
57180.18380918571,753.5599936031222,33,male,1
78682.01240815967,658.5693057967459,27,female,0
66130.79790627155,759.3057235519778,35,male,1
83567.50297343565,662.1788929208633,27,female,0
35328.765938895456,677.7237139440562,14,male,0
38858.457169354035,736.287529418372,15,male,0
58216.72601679369,708.8797229729112,8,female,0
103314.02766586137,698.8422241516497,28,male,1
73485.72227124746,708.6365439679987,7,female,0
38667.74515910543,765.6671681558057,10,male,1
58477.19094084584,703.4008472686772,12,female,0
64414.295816025166,737.2736049028518,22,male,1
48626.285088779834,736.0035348022114,17,female,0
72265.49982113011,804.3849382228998,22,male,1
56871.07723670388,769.1657901549642,34,female,1
54013.38563580658,735.2242504567043,30,male,1
85205.13574384959,735.9770475359193,5,female,1
25806.7819567943,708.4467076951383,31,male,1
40763.89316430613,691.8878118903639,8,female,0
43653.820371184396,699.3765428146659,3,female,0
43046.378600026044,701.2200052870905,7,male,0
45424.93909417249,677.5388091948314,28,male,0
69769.51915781641,679.3183378183865,37,male,1
81930.65656820693,696.8252118583463,35,male,1
78320.82521311777,683.7869987494169,34,female,1
39608.75746941983,690.3192109649063,18,male,0
57851.642028602524,691.6636445579503,37,female,1
69045.30426949647,745.2926497098422,22,female,0
64800.059045708855,739.6171584661486,38,female,1
86114.9479901847,751.2319148705433,15,female,0
46493.3152891198,762.2532402975618,20,female,0
63126.38842201646,663.9765376962737,34,male,1
52135.38570187823,701.4435627085606,38,male,1
65021.500381790465,715.0669148439547,38,female,1
38422.061746206076,722.111783992728,1,male,1
41421.245580848496,725.6361352356255,29,female,0
45397.782804230264,771.0112570041425,12,female,0
48726.61377689907,672.5534411954075,21,female,0
90958.46531265526,711.5391263415805,11,male,0
83508.03828590864,639.1542450155773,21,female,0
55747.00658572114,720.8509070470271,4,female,0
63458.66588419009,620.3811902692235,34,female,0
28111.27963779204,718.0248930659592,25,male,0
56414.153068970714,762.041942648513,0,female,0
63192.294266234545,731.0933050460204,32,female,0
82913.68426802449,646.8100655354017,32,female,0
66536.09439349931,661.2573275275223,8,male,0
68657.80117551105,730.8513202029121,19,male,1
65955.25779500924,694.3813481277878,32,female,1
65380.02379344257,591.0844956148059,38,male,0
32064.816481300488,770.8473804352832,25,female,0
51664.84663319399,709.2809028792166,34,male,1
88697.73597083085,628.5227216303707,27,male,0
76477.92885218491,711.7202358832325,12,female,0
69884.68998130281,810.7248550646113,2,female,0
61334.3061844812,692.672589543233,10,female,0
73188.82791491324,691.9220643750994,4,female,0
41102.211820943754,667.9151726404986,17,female,0
28398.808759724852,732.3509181842469,12,male,0
52358.268955300635,712.5678639081734,33,male,1
70758.46115447556,740.5921453945764,22,female,1
62156.597645372225,663.7124038679658,33,male,1
80279.173576899,736.4453784909915,20,female,0
67029.01033120937,641.0997216582412,16,male,0
60896.84392428684,724.8234700359324,8,male,0
86549.69908031274,660.405993069051,1,male,0
82647.51556914934,701.9197371833665,10,female,1
58038.17397561115,622.0673327115959,12,female,0
37939.00277967844,704.8967639008599,19,female,0
41852.770154889724,699.0111393023153,2,male,0
56770.97723431693,623.5768423151028,5,female,0
52663.77232695097,786.5602851775503,4,female,0
93155.246597613,731.1174166612946,32,female,1
26397.317021107374,645.5166484965539,15,female,0
58714.844262215745,649.6243656315055,29,female,0
38675.47025203531,687.549924037936,35,male,1
62336.037378261026,671.6199694057914,14,female,0
67645.29665784023,695.3548177331746,6,female,0
51902.060511721895,591.6096078400237,28,male,1
70609.62827363033,784.6175150097243,15,male,1
56027.46118987412,664.1290518648813,39,male,0
56412.0877448766,760.6043501475525,11,female,0
51642.225491621786,691.5988531589493,9,male,0
73016.48577463166,822.3906443570279,26,female,0
62770.02927412495,742.9472843300774,23,female,1
91464.79259565583,753.1203907660986,33,female,1
85400.49753648769,759.7873293949237,1,male,0
71075.49215141156,704.1748128078904,15,male,0
16811.167077999053,707.5357055387816,13,female,0
30313.43375918725,693.7275122612183,35,male,1
79725.01145579653,718.0772819038871,24,male,1
50487.22880949885,703.7886003162179,35,female,0
64696.87515356582,718.1051232534256,4,male,0
47390.492000005506,660.3167357066177,39,female,1
70357.73261032489,679.1703067523154,11,male,1
79159.7988818901,727.7183050398312,24,female,1
35807.44520828765,701.0496475147943,14,male,0
43728.57149024924,724.232281336992,35,male,1
26725.431733365753,733.5485469294222,9,female,0
64668.1462365754,744.3995701063883,21,male,1
26694.39158340353,724.6974505232827,39,male,1
52678.36610202718,688.3864398680547,13,female,0
70392.22293065605,656.7386390395957,28,female,1
101161.85869349923,757.8928615098552,39,male,1
67368.36684574904,665.366239081089,8,male,1
85057.69483949845,700.0058317030634,7,male,0
65183.17685119531,780.8859333857662,18,male,1
66184.8681877003,660.3508730939662,18,female,0
55781.54204453612,686.3768554528244,27,male,1
52334.59734192731,705.9246556495874,0,male,0
83487.56303085393,610.6745585065033,26,male,0
67493.48705649933,646.551218806321,0,male,0
66725.92689769113,762.5682425263319,20,male,1
47836.49479137867,722.6048155510048,14,female,0
53099.16537143125,741.2761134429913,5,male,0
101349.8096595812,712.7904174159369,24,female,1
58649.963391434496,602.3580609795769,23,female,0
86523.36119183997,649.0725958557831,7,female,0
49594.96577331841,588.6901131155461,8,male,0
76030.88343096564,732.0860800351854,39,male,1
65795.91197691225,835.5129792436423,28,female,1
51925.737893137295,621.6312657144058,36,male,0
72971.25797088964,753.5569352974682,21,female,0
29131.121822150504,754.4737864557844,26,male,0
71492.42857842337,709.336482846286,10,male,1
75738.0644382329,631.4744165651821,36,male,1
65461.46376225385,656.6656819557014,16,male,1
86218.47393007715,598.9991881254597,3,male,0
58637.99090612862,693.7218584354008,25,male,0
57017.21630697688,710.875878300591,9,male,0
67100.79058216,741.1024268667439,19,male,1
77354.12505440347,689.7908561811616,18,female,0
71396.81028904971,657.6107482777766,24,female,0
55467.738506748,665.49418894337,39,male,1
40095.44309642707,693.4185891714565,38,female,0
73269.58511892633,715.0694985714887,21,female,1
44208.57451453719,769.5485082609837,10,female,0
43634.49264079468,802.3243643391212,11,male,1
46907.13647914612,699.6027254726217,37,male,0
61154.176135139685,646.1077422364938,30,female,0
44074.070714189904,761.4211813012312,0,male,1
37286.23926429939,827.8484851157142,29,male,1
46823.1611108443,662.3125097216548,39,female,0
56333.36379078193,675.1272562919048,32,female,1
69085.6893629015,693.9829596587447,13,male,0
61345.338215274816,701.1092887571092,4,female,0
38390.758095022495,666.1792404307546,27,female,0
64573.242631421126,630.6648660886374,1,male,1
66455.11042792,730.6168540411104,22,female,0
50900.73619170896,693.2411777588715,2,female,0
44075.07882344074,756.4541859370378,27,male,1
44067.39691875238,727.2164908470224,24,female,0
49363.75366308894,751.0058342991747,23,female,0
104284.84072871748,703.1499873146356,9,female,1
42218.55182418907,735.0714382974093,10,male,0
65319.983343577594,663.6322939977919,24,female,0
45717.948072541614,725.1275180513458,35,male,1
49880.3376842936,750.5704911375449,11,female,0
45877.271212071944,766.4009320041545,1,female,0
76024.04771813145,685.3194699652306,19,female,0
67582.15657086612,730.0177375655802,35,male,1
57413.12397718392,765.3366210944738,22,female,1
70058.6989329954,622.2188541801099,4,female,0
74869.3139054768,682.178823943074,15,female,0
42985.69907196988,729.2546174950012,24,female,0
70945.0482636606,685.8759884481975,25,male,1
45647.366311567734,667.3167478111662,24,female,0
76758.70454387044,722.1369853801106,1,female,0
74803.96958773104,676.7786527812026,25,female,0
68074.06101393554,704.0483037821892,25,female,1
55801.47317551929,622.9445993551553,18,male,0
49477.814737577995,677.0477805725118,18,male,0
54727.4260265381,714.5744230694539,3,female,0
75383.09528107062,695.5541366295728,39,female,1
46353.3790866464,698.3300998223102,25,female,0
60993.42479940684,716.4464649762824,39,female,1
25047.41661356461,755.29112544933,34,female,0
65207.49317048602,688.3794999722978,35,male,1
39289.43165158099,699.4344670660226,16,female,0
33637.26536329894,704.3075857173751,28,male,0
70374.29763881283,676.6721341686206,24,female,1
64206.7506026762,661.2684393876657,29,male,1
51132.45020703985,742.7796192616486,19,male,1
53958.08648461385,642.447361437245,11,female,0
105420.67534913387,730.2794918571666,10,female,1
56117.11413954066,690.0495365349567,21,female,0
55975.679434448204,683.5450911773333,11,female,0
73046.10558309489,716.7678572741079,18,male,1
61744.24674536708,724.3225869384175,27,female,0
79748.56899515147,648.6408934783755,27,female,0
65548.97603764285,698.7513121764015,13,male,0
75221.78285076765,678.3948012090164,35,female,1
68866.60825969666,663.4495573994145,10,female,0
72906.07529647283,595.9415180179066,28,female,0
59146.940603076444,742.9723784567408,25,male,1
64450.55554538207,744.943700531906,3,female,0
54579.2901359882,642.1602597847854,29,male,0
72083.39014772681,695.0758354904868,32,male,1
33079.22630869308,639.1847223283236,18,female,0
74522.72579776113,682.5691453963888,14,male,1
79960.50700444417,668.4382847144831,9,female,0
74835.2355582944,767.840499730544,30,female,0
57918.04560966769,631.7760336152221,30,male,1
70104.58422213928,610.9005586220156,22,male,0
44468.42664112483,682.6271493768007,31,female,0
76742.04427802083,685.6525806984888,30,female,0
38015.69418816596,798.3992319430008,28,female,0
71874.62242499061,662.1487350808135,29,male,1
70653.14789226776,773.8916261079792,39,female,1
68134.55672527391,725.3623046938766,26,female,0
51058.327115054795,782.7645248213023,33,male,1
75203.32465935088,714.0096610454144,0,female,0
23254.702748727177,619.4945340205172,20,female,1
75544.43624735918,653.785406957855,7,male,1
63828.75819065829,727.4197642250084,21,female,1
81019.17345083707,655.8526261247279,18,female,0
64000.979698330935,819.6785085444943,37,male,1
96763.80293519422,608.6741916264049,27,female,0
41163.61333103708,668.6580070305051,4,male,0
72188.14637003136,723.6355689905421,29,male,0
42279.910216885575,701.1065650661888,32,female,1
57472.276390915504,676.5067672346349,22,female,0
74847.45175285349,772.5003204027223,24,male,1
72508.60652421002,703.8735343069199,23,male,0
101590.77360715355,753.9260356892047,39,male,1
52971.86533273001,679.0972440527912,35,male,0
85720.02688292364,752.1572965104149,1,female,0
54913.99625739616,711.716940561277,38,male,1
45981.998234306026,619.0358365381346,24,female,0
27540.928771659517,639.4484922051981,32,male,1
63253.41251804301,756.4921033247501,12,female,0
49573.88788767744,700.1435958636912,25,male,0
76950.34739657809,757.2865858323518,32,female,1
49431.984901311356,736.4248397143426,4,female,0
50467.96884836111,644.095810860184,11,male,0
67093.10552861878,640.5152818373926,35,female,0
94424.31596278785,694.9081999538624,28,male,1
38227.00238127703,708.4845722836126,10,female,0
80352.25609463992,665.2182245389952,34,male,1
77482.10599590739,725.5521457298272,4,female,0
55581.08059263132,689.287182164647,33,female,1
73508.32570036681,662.161533927969,12,male,1
54314.47147345046,712.7518033559253,32,male,1
107427.76908050501,667.8478001312878,1,male,0
57758.09416489843,627.4630272816885,11,female,0
61608.28187105329,778.6100715489538,9,male,1
53484.16781698351,601.6145894731454,14,male,1
26130.919049769218,617.1216953045564,38,male,0
54736.932402436214,741.4676746925106,15,male,1
64640.73943077814,713.172357120108,25,female,0
90018.45243313462,671.6283120941977,12,male,0
69839.14255593132,797.0391516772719,6,male,1
56212.35624534606,680.281623842955,36,male,1
61198.86385495236,694.3778828302043,26,female,1
66546.80732816597,700.7778590600165,28,male,1
52420.678828421325,730.6209016350025,39,male,1
73644.74033605724,734.5260523014027,25,male,1
92501.76316173363,768.117898382475,14,female,1
52737.02523008927,676.6223147386631,37,female,0
84150.60531700723,697.7066047027639,21,female,0
77526.52608462641,685.0200620613322,12,female,0
70744.89722107729,633.555583224262,16,female,0
62238.512371137294,683.5382523387411,14,male,0
66755.67741965421,716.6369519584673,31,male,1
55652.13652256382,705.7296972026292,1,male,0
96737.37007453194,771.4039081849393,35,female,1
45631.93688489073,709.9343679131078,32,female,0
82698.89388571869,650.4698530095751,22,female,0
90994.4344253123,674.2222920634487,37,female,1
53537.313343546004,659.1795336075064,32,male,1
83316.93918584217,669.9602525694631,23,female,0
62879.626924620214,695.580976135046,19,male,1
61247.19577271006,738.1178225293596,28,male,0
58508.72614327758,743.197093016036,22,male,0
27725.377989151577,654.3495824187079,5,female,0
70958.4791650341,721.0218163963835,22,male,1
88871.03528703493,696.5858396230394,20,female,1
45905.59154750789,682.438796438781,14,female,0
76946.77316158079,666.6038588961334,9,female,0
58295.89215412556,663.2160355095269,26,female,0
38146.214500451715,673.408524402683,23,male,1
79957.79931439567,752.1755289236702,0,male,0
93720.73662592488,747.0229069281911,30,male,1
44114.9528226078,741.490050847272,27,male,1
64316.033910657476,586.2643953699462,13,female,0
31205.285846412982,762.1802926394191,39,male,1
59159.85362857529,715.1859977603913,32,female,1
69721.32805686527,743.2956110677771,18,female,1
95058.1921168692,691.4368170031635,14,female,1
91151.4743225225,709.237610005539,38,male,1
92849.9668312644,766.7265670486759,21,male,1
49458.16116255915,750.6735518647642,22,male,0
55096.69863001969,653.6442433561522,20,male,1
26713.891501561266,660.2580390998104,32,female,0
45696.88983162043,722.4439647623072,11,female,0
30963.41596309785,709.8949612285331,29,male,0
67310.73793274483,655.541859711414,18,female,0
46060.199904175126,697.0956786801952,24,female,0
37971.55460370054,665.9263990996621,22,female,0
52891.71128198639,729.1937352347529,16,female,0
36302.46088141113,813.7351689351696,12,female,0
66180.33639575266,654.6166563851225,19,male,0
65688.94988046873,722.1526334475637,38,female,1
53685.748198845205,721.0440742366496,14,female,0
45386.49039173147,689.9671272615387,9,female,0
33211.17250308865,681.1629996712009,8,female,0
71107.1321049608,682.7437787859653,26,female,1
64574.41479870873,626.8078497205655,14,male,0
69286.30928244887,601.2350548653376,36,female,0
53871.29238094706,656.89366959094,17,male,1
55641.52988837196,669.818219019299,14,female,0
88839.98297552606,737.324402081548,15,female,0
47988.30269002126,644.9402079277733,0,male,0
53747.11954883832,673.8198165102914,5,male,0
74877.84165730298,753.6255427403464,26,male,1
66058.2259311126,739.7883838558383,4,female,0
19067.55585867002,723.9101412691266,9,male,0
26242.265399366646,755.2189102598107,35,male,0
46783.37466779811,832.7473647523934,2,male,1
78205.99328890732,694.9886708687102,19,female,0
73433.46155365367,730.5140843294251,36,female,0
70390.4672149997,693.5491486338784,26,female,0
72554.88192671647,690.8456715197954,27,female,0
40621.104907549554,655.0840810811269,27,female,0
72020.94186501107,784.5854237763834,35,female,1
41574.32606554915,709.6526102952948,36,female,1
78945.9840354421,776.6984555334495,11,female,1
49788.69731571853,719.1821594748513,2,female,0
65632.5215621336,656.7188664144556,5,male,0
22510.03192561966,700.893379771785,39,female,0
33022.22175589229,732.3999749528126,15,male,0
81813.54875775159,710.907084255331,28,male,1
73834.8774037382,609.1856474498846,26,female,0
35641.26453358401,700.8508204562661,25,female,0
85711.83444827999,680.6222412201305,10,female,0
38184.31142363716,679.3173462955036,14,female,0
60399.22207808665,631.5444800423464,15,male,0
50397.98756267696,794.4433560598443,6,male,1
41531.696067577584,749.1736301669447,17,female,0
83358.81123077156,658.6457554464142,35,male,0
93699.62991248537,688.8347603014718,4,male,0
63565.48434195314,764.5918371876966,31,male,1
90519.97833725336,618.7339037139541,18,female,0
54375.69893621208,778.8219028084075,11,female,0
62166.17196764709,718.1533983442642,5,male,0
62629.78512789237,723.7564537337714,39,female,1
36865.82222752557,691.9757634356926,4,female,0
69989.13784925062,722.0427373731179,36,female,0
74193.86280324738,797.8983603459047,31,female,1
56530.52730717346,705.5089096385493,1,female,0
26164.976637743137,665.6638629440606,14,male,0
67354.10988742154,673.8552934083548,2,female,0
29699.72971699434,752.2157479593077,22,female,0
43774.60332728457,713.9087191547161,11,female,0
62628.4258490063,711.8142071128908,15,male,0
44606.750713524925,672.552298771525,36,male,1
65073.53301090349,770.6527616684382,2,female,1
55475.7949020704,706.5281550568659,15,female,0
27390.069785178905,659.6568087352265,3,female,0
63359.4312215702,612.5087750335075,0,female,0
71731.59360573081,638.7738928168565,22,male,1
80248.00485623762,720.379673064489,13,male,1
52668.638504661096,655.9636050751787,2,female,0
58770.32642529587,598.4520563916401,37,male,0
30097.826613203983,657.9571834728416,39,female,0
99297.78810678581,692.6131958837361,12,female,0
90100.16378699368,729.6091588615994,35,male,1
59363.319647728975,573.3722737492402,7,female,0
57503.1645471009,697.4566296918904,33,female,0
1395.5431126404728,745.00179499156,16,female,0
80705.25125825498,656.6135912764308,30,female,0
71257.22362314575,671.1520161209078,4,male,1
76256.23740993736,710.0436112215881,16,female,0
51895.036894011464,650.3842892770847,20,female,1
50611.42349873266,654.2688644400231,6,female,0
35291.627083593325,694.1899859100414,7,female,0
75560.1946037,708.8486154674888,16,female,1
85043.07757396928,728.7430387419007,20,male,1
82477.65753526092,700.8104371351012,32,female,1
63745.15152016706,700.1343264919806,17,male,1
53466.96595664945,712.4693540745848,7,male,1
38960.59153267792,656.3005478081806,16,male,0
45964.989607382915,595.1220364764586,2,female,0
69351.00947270045,654.9133519514623,6,female,0
54308.93249198253,675.6685986515502,26,female,0
92828.08369471038,659.078487271173,11,female,0
83047.12061648654,643.0985456117653,31,female,1
47963.817357676875,753.1296169258833,0,male,1
35686.75871329993,658.44799329998,28,female,0
49031.63314457665,681.6290512685247,39,male,0
81307.6589287299,728.7636297409097,10,female,1
49521.55183756562,721.9675420300196,25,male,0
70919.75970333001,663.5923909402193,9,male,0
48682.397615456546,655.573518719825,6,female,0
66863.28314046888,696.6447148533151,20,female,1
70562.8394670596,665.3579723144035,9,female,0
79716.66491169092,693.4549067296128,3,female,0
88664.80261159499,656.9175187468617,20,female,0
86204.5786961587,720.7901986666931,35,female,1
49396.569816544594,629.3436125462607,25,female,0
57059.62527711914,689.3240577061946,15,male,1
36529.498095833056,714.5715308813265,17,female,0
55286.29424931066,714.6410065902455,24,female,1
60486.342897291834,820.8916129082263,23,female,1
51920.80130141138,688.5319640426143,27,male,1
49928.30863100988,707.2073189633682,6,male,0
80641.60355504921,695.3466518103792,26,female,0
78149.65890181498,795.260077784786,14,male,1
67982.44095704089,750.3676936386665,2,male,0
34449.78792874095,796.5733173126368,31,male,1
64018.61799000468,671.2294004836339,34,male,0
52315.368581199924,708.2694802486659,9,male,1
86314.54921594182,702.5620010747299,35,female,1
23954.185066532795,642.4218021298086,12,female,0
48823.526174007064,717.1956454143137,35,female,0
48266.99383492867,650.5798673499817,24,male,0
50668.51936080195,752.6968197033573,32,female,0
79151.57496994277,689.5452921608443,15,female,0
12952.831776462976,623.9615892508064,7,male,0
55838.95647540239,672.0131378842423,39,male,1
77014.4134823493,702.3505503020659,4,male,0
79602.35012016719,787.3060172504647,18,male,1
49018.44278919868,743.3776943250756,33,male,1
46404.43701315826,704.6327210534594,16,male,1
66924.27146945415,743.8065394260213,10,male,0
63020.733805014395,708.5904299763982,33,male,1
61388.06230054514,655.5073957196223,25,male,1
-16027.56393721982,720.6516668315345,37,male,0
37456.55590193732,743.0156122473591,3,male,0
42735.53874302986,852.5377467361528,39,male,1
72860.1972391807,714.8275805910996,20,male,1
31184.805906618567,675.9078596563837,14,male,1
39067.448782791,746.5393258263705,2,male,0
56912.31988135197,734.4923331309033,0,female,0
34248.09646440295,779.0633133693399,16,male,0
72857.07810361932,737.5183564202648,12,male,1
52171.92640382786,614.5266109897583,37,female,0
96658.11864588634,696.9587502007763,0,female,0
47405.62565882223,764.4287220164372,30,male,1
48474.335936668715,785.489587923154,38,male,1
76088.76578538617,658.4333043120964,25,male,1
46893.2614666704,689.1987915532839,13,female,0
90231.36640884346,732.7584333584246,27,male,1
69658.29884544516,679.5544809381637,17,female,0
53922.401211123746,687.1365222064359,31,male,1
56784.04005845844,745.5084310552357,23,female,0
117014.15474235179,750.7065476713401,2,male,0
69773.08717995902,757.1059551410116,11,female,1
63009.54031882859,725.2389445760017,14,female,0
57348.464896332254,649.533146333718,11,male,0
80743.24065360529,693.1414710193727,37,male,1
29633.473724014642,650.7357669236291,5,male,0
56376.23954066355,674.5983235611791,1,male,0
3326.850879729951,728.7612660114096,39,male,1
49331.84748176666,708.2942543752488,17,male,0
76958.53625821388,810.5019101451105,38,female,1
87644.61677710435,713.1786847130008,2,male,0
72119.40476360077,720.4536115200217,35,female,1
72799.37182995483,698.6207701492991,10,male,0
25681.970200907374,738.5641109452388,17,male,0
46432.52377210134,783.3159400746483,32,female,1
89488.10031824246,708.4852637968038,36,male,1
49522.79979031739,776.2066722570056,18,female,0
57280.35195813769,695.088473611424,31,male,1
43888.76027284636,753.8396282895733,24,female,0
41324.970290195124,696.0662000133942,32,female,0
50594.615470405915,694.8447126611563,30,male,1
46778.88068145702,598.885521427683,6,male,0
79150.03591633684,609.9555643033029,14,male,1
64307.391957785876,693.9423296796713,21,female,1
80377.67652887035,737.67447357091,39,female,1
32255.24993345812,697.8597039087725,34,male,0
84509.06296408114,657.8100492859411,23,female,1
60429.12448089811,652.0136160849412,36,male,1
96786.96768251888,737.6406888499561,35,male,1
58944.47723278702,648.898444201665,39,male,0
30131.96370674159,741.7705817391809,13,female,0
85684.41255747675,734.8225820564675,26,male,1
57270.235237529356,774.8874293266521,2,female,0
16957.698406662217,823.06473924567,34,female,1
62903.89362739408,687.4433784203228,39,male,1
64624.5625171624,694.2852475253728,0,female,0
81522.25486657237,772.274845984575,24,male,1
-11749.876624289143,697.7120325786037,10,female,0
82977.38950222591,621.9066844063154,1,male,0
50508.06490516067,661.6090332233402,23,male,0
98524.95815841718,719.3611618058949,29,male,1
25634.379983186816,639.3541227574237,3,female,0
70906.77803841437,800.9356979794079,32,female,1
68234.37661510534,765.0460472661618,17,female,0
51557.70539478828,653.4673983483815,8,female,0
44523.881897826446,657.4343363780422,35,female,0
52525.09944577794,706.8292112340099,0,male,0
53065.59418875115,678.7872788286304,25,male,0
34931.239871246216,694.8639479515457,17,male,1
79859.8434010249,734.0320756486228,32,female,1
38155.993071358054,690.2291600962003,5,male,0
80463.81955560014,771.3640818636369,4,male,0
24221.308694981548,743.3421819240327,7,male,1
56456.2043961625,751.1061192737993,35,male,1
56753.86933928405,642.3245604890774,7,female,0
59684.112561128844,628.3699412683332,11,male,0
79125.91759358617,699.0727408894269,23,female,0
55953.05560084479,789.5427790688036,0,female,0
50841.41179432601,760.7880444112164,16,male,1
56013.448302785546,737.2419095527447,0,male,0
79620.13711139497,762.3264933251374,0,male,0
35887.861037306124,644.5678967717939,25,female,0
39586.630003870756,627.9713719258785,0,male,0
20866.034951534384,765.0168089606206,4,male,0
100544.97391772809,669.6288671056656,29,male,1
36805.10543435091,659.9224494348381,4,female,0
22291.366882565337,730.4397507909777,30,male,0
43822.01722709169,687.6192688201478,25,male,1
47750.89503896291,693.9051094444583,3,female,0
89309.12002480804,717.0857962028632,11,male,1
50702.015488493955,708.7365904363918,34,male,1
65835.38561418751,618.6659145592232,27,female,0
24184.40390549539,676.5528541076168,16,female,0
64159.66983563345,736.2228706332542,17,female,1
27024.075105615106,665.6696630108306,9,male,0
53728.09902334279,683.9033434919938,22,male,1
44802.580380341344,685.4828019951719,34,male,0
61165.42994332858,572.4113109034638,6,female,0
72688.17412277262,705.0799654796075,24,male,1
33282.0809840375,669.4487324068634,21,female,0
37271.63143555152,729.2876719483243,25,female,0
63871.78011889164,712.9792750488582,6,male,1
73745.71421604989,660.2614986317766,13,male,0
88347.50390189592,723.3587599828155,35,male,1
50562.165392946365,675.7259874879757,27,male,1
30170.426501782094,665.6280306498816,4,male,0
63732.51439121172,626.93037811045,20,male,0
44107.12564224086,721.9384359590878,35,female,0
41511.596048670384,692.4273898268563,38,male,1
88163.54148730572,674.2272982260076,28,female,0
72374.33620174248,621.7123241147499,24,male,0
45438.442714473334,754.9699410587807,15,female,0
59625.76929316686,685.879331586514,36,male,1
58286.46023758182,717.0243068888428,29,male,0
63301.91235667582,715.272556860789,16,male,0
51881.207732841875,631.354768840978,6,female,0
21998.74944725907,734.3730752498702,9,male,0
40472.99649988813,687.2536594281389,8,female,0
49360.06829490415,689.8730902545899,10,male,0
60562.23532532448,602.9634293406361,25,male,0
38354.112756397,761.3360936703946,39,male,1
63725.698757881626,705.145018992714,10,female,0
52374.57077631844,689.2084293696396,22,female,0
44810.49796220346,665.2682096468012,0,female,0
34594.47752071147,697.0786830774296,0,male,0
68929.82832782896,731.9178529377443,29,female,0
68484.86771645959,695.8978855066732,39,male,1
76004.41763577962,723.5763760724583,35,female,1
70985.76451260535,645.2992129376382,11,female,0
72482.68909589018,608.3838052755902,12,female,1
67641.57239320263,661.0240376351215,8,male,0
24831.80642799082,682.026378032422,7,male,0
54417.622411072945,648.0677316095039,36,male,0
31352.350764862033,696.3738198048113,22,female,0
87384.24150986064,686.5622847054328,5,male,1
59719.725505871655,605.7224968403481,26,male,0
85395.11690970382,736.9465101813051,9,female,0
39393.55416432029,688.6657965157792,30,female,0
58162.615682146316,642.2945530816922,31,female,0
65267.48499417786,624.0202385788083,29,male,1
53381.957087929724,813.9573760459365,26,female,0
63755.78799499841,675.4164438159459,14,female,1
89643.26913416764,593.4430141458878,39,female,0
39361.73154001396,627.1324729305954,18,female,1
7241.550254232425,703.9931249190533,19,male,0
92012.48278666646,663.0110347899199,32,male,1
44166.75526722878,687.6540235408366,4,male,0
82449.99392445173,697.776175742709,35,female,0
73038.26600541649,698.3055611663783,28,female,0
55666.26403934557,698.0388196036665,22,female,0
67606.8957928871,691.0957622070054,29,female,0
37189.31471273015,780.7095314069254,21,male,1
61717.94308785579,682.0817737792884,39,female,1
71880.80409570767,755.3242242211825,30,female,1
44513.34547326945,710.3584691504855,18,male,1
52394.17805776638,747.7169615388476,34,female,1
66251.87039502645,727.944623758634,2,female,0
86465.47419309239,756.9004894764822,31,female,1
59936.90320254449,827.025713104634,18,female,1
51386.80310782061,695.8646791036521,30,male,0
57071.68450931097,722.2310668987462,17,female,0
83203.51894010758,794.8201953420174,9,female,0
47169.75328337088,711.8790280454352,38,female,1
53995.3520578827,567.8287518175293,31,female,0
47354.78443530289,677.5504532661832,7,female,0
55913.66930445514,682.0546416323917,25,female,0
64273.91204675539,706.6597005344103,21,male,0
80677.56403042235,667.7879076889351,27,male,1
17508.494305122083,815.8684882923839,25,female,1
71109.7783152407,809.1860220964177,9,female,0
42168.202351997024,618.5514289199353,7,female,0
71861.40010260626,653.7584498257385,8,female,0
84792.6997860241,752.9044069924955,5,female,1
79911.90023999651,659.2832382678442,0,female,0
63159.17560317855,679.4220719013864,26,female,0
76689.97867918134,660.5893555220438,18,male,1
41132.32127218639,770.4273779842038,27,female,0
58643.3982840386,696.3978545917993,2,female,0
90389.42193361974,762.7625736462094,6,male,1
44214.88940447283,671.0751838577189,19,male,0
63945.38330078819,739.8745124615654,30,male,1
52616.49255444399,686.8156461699396,21,female,0
56097.83059574823,709.6246842747694,1,male,0
68121.42390293023,678.5571479487758,16,male,0
54609.62189573188,687.0170468916547,9,male,0
59931.817069237375,695.4358474732165,7,male,0
49908.334607750774,712.5098979220179,32,female,0
23499.43349658142,739.1775713314723,16,male,1
63861.88256457504,652.3823063409718,18,female,0
68789.40073302473,633.9172457194622,31,male,1
87643.46928408102,763.0565461082227,39,female,1
57362.690737259254,802.0158346061093,39,male,1
32105.829371812622,748.0920202746405,12,male,0
44919.836118535146,765.4344130372766,5,male,1
70807.84690678463,681.413035122328,36,male,1
58309.409787338496,730.7987706773486,12,male,0
65585.8176831753,721.6933305794365,29,female,1
52938.39723024571,708.7424417485892,11,male,0
97396.17828162342,657.5247198019209,21,male,0
94559.76022562986,619.0252031822656,2,male,0
41368.08749093424,762.1716546979135,12,male,0
78180.61986221703,739.065941412089,29,female,1
66081.24779629573,667.0620569255544,12,male,0
60271.190505793435,717.6593147601261,15,female,0
42806.24021311638,677.1847969444551,11,male,0
92430.61266895298,746.5205922780569,20,male,1
83305.16682331452,726.513021268614,13,male,1
30857.99894761729,777.5104338564344,19,male,0
87669.8261651864,706.5128354351034,5,female,1
59232.43459295231,695.9283136254761,19,male,1
48044.18851914321,702.1266435425829,10,male,0
40468.4447084447,839.9761973374839,32,male,1
78896.40623721472,734.4752497006139,11,male,0
67997.91042871014,705.6229921104266,37,female,1
42517.073594632195,745.2671258454305,34,male,1
43778.04423338097,688.3322163337886,7,female,0
52249.537927728015,717.912752583721,4,female,0
49749.87908719234,750.8780489184458,25,male,0
70555.60624305253,570.762777174844,22,female,0
67574.7398616762,633.9560898678491,9,male,0
47287.0019427905,637.852253835781,25,female,0
26849.811504501522,683.1355299238948,25,female,0
33320.01466300485,682.5489300621986,25,male,0
77401.110176609,722.8257516529618,8,female,0
40103.790529180595,733.6049885154844,12,female,0
62222.703977411904,773.7208545554736,3,male,1
24736.849323958042,684.1354140884384,0,male,0
67941.19671326008,680.3967139032094,32,female,0
98390.52811142038,676.3664985258876,27,male,1
33438.65537995829,655.3339070359013,15,male,0
70993.94538229445,710.0351979768537,12,female,0
65449.23866229218,639.0573385665152,22,male,0
78357.67892308283,757.7444256837312,20,female,0
57375.193613286756,713.3529310765979,12,male,0
65456.4988413053,740.9741385617193,34,male,1
63639.48256298939,781.0517842953724,2,male,1
71456.85637941519,586.653042797879,22,male,1
43217.745899527086,693.3416053892332,13,female,0
63848.97522768987,670.1158199172062,16,female,0
76206.51194969051,723.163858119684,37,female,0
83359.81182849222,742.1269713746079,27,male,1
69914.5783104735,721.5788955740342,24,female,0
37360.86932077436,706.8353421530354,6,male,1
28928.4364895986,691.6092195156464,27,female,0
68172.5112168122,746.4100346366906,19,male,1
39767.12493654186,701.462210882725,8,female,0
76886.69212171755,784.8932514341977,21,male,1
54244.3127287776,674.6031337195727,5,female,0
80232.3188678596,791.4158082970351,17,female,1
102516.3324921758,640.9325498962984,13,female,0
58753.54649616927,713.7004063373153,27,female,1
57679.992270620525,704.0216592426249,33,male,1
80269.85898405558,664.8923763291614,29,male,1
81278.10055579385,632.3090189394045,1,male,0
94032.1633622549,746.5665784679813,12,female,0
63931.3923863234,700.0488694619934,0,male,0
47342.66083315351,747.8024283241534,22,male,1
60154.273145083884,789.2509125185833,16,female,1
47527.41613760473,733.8578087814025,9,male,1
64796.19406857418,748.1702082531845,16,male,1
42635.20624266054,681.0738191409478,24,male,1
78040.12912636546,771.4779375958694,30,female,1
73949.80309175882,776.613653796026,34,male,1
62780.666078353344,728.596141607986,8,male,0
60511.53093511882,689.1383690925211,37,male,1
56071.14163637749,702.715899211246,38,female,0
86245.10407043267,707.7998793046446,13,male,0
83748.34965379226,723.3904772180709,3,female,0
62914.33709155556,699.719993031692,2,male,1
42867.002457880095,685.6807309716394,10,female,0
36463.03361620776,691.6719227565746,7,male,1
65752.41426075471,700.2952989963458,33,male,1
47238.76125167209,761.4208897486595,1,female,0
69518.67744752244,653.6103144308207,9,female,0
52266.08925260478,603.2567195531395,23,male,1
75475.08718477222,624.2147069917054,38,male,1
64148.304889577405,711.3904278130052,3,female,0
79961.06123903509,714.0455250251391,2,female,0
15321.894954114156,758.7389271793319,2,male,0
55458.99508350268,824.3042510375362,3,male,1
104335.7626653367,691.9830593037291,0,female,0
9936.77976526125,753.1348486456651,10,female,0
76853.04434570324,671.1341598204007,18,female,1
68360.07481537884,755.2960258252259,34,male,1
85714.0210869847,714.3871197607862,2,female,0
56528.164089487436,640.4111934003216,4,male,0
83807.0887810576,716.4921313455742,29,male,1
84338.11608277555,726.3034853676858,28,female,0
63935.60185402888,719.5236704357413,33,male,1
36719.76243261034,686.4181379511259,22,male,0
78260.09068163761,773.937974940266,29,male,1
40531.260094296595,757.2678653593555,21,female,0
57252.46858871174,734.7005981324849,19,male,1
78938.16488325055,665.4608275532588,16,female,0
81841.35412981398,680.6396131662079,11,male,1
53040.82053590049,741.3770135328042,35,female,1
72539.65872747559,785.583045160733,35,female,1
29149.26772229058,751.9018758085527,16,female,0
50552.3819746118,691.2337907207192,14,female,0
89378.37791847557,708.2781201433464,37,female,1
86867.7609569222,762.1526490960885,21,male,1
73384.27672831574,635.4672702556413,27,female,1
57163.31028382923,630.1796672228031,38,female,0
76945.20633292352,752.8885232363339,36,female,1
59535.43615924425,707.2402697141779,18,male,1
63364.57214986795,653.3676259988216,13,male,0
61767.658168122194,690.9190782236326,2,female,0
44489.59387876402,682.8721895583086,20,male,0
74518.49622638753,725.5919701840006,11,female,0
38601.054788497815,694.1514362663777,1,male,1
75516.89708379516,722.1757609213646,32,female,1
40787.95058856162,779.6010244533129,12,male,1
45558.48568205029,710.0002253659119,21,female,1
3183.0528839344915,695.1057773250373,10,male,0
56878.33096516605,674.7575374559977,2,male,1
63783.77949858717,676.6112352187974,10,male,0
76541.45016106934,694.9920410313543,4,female,0
86217.52019397359,751.4165344235191,14,male,1
30195.731443411354,739.7985763097316,22,male,1
79696.5497415979,626.3881766085393,22,male,0
50719.314927996864,794.0131553026511,38,male,1
58558.798035847365,672.8142376789408,27,female,0
57894.63288855156,672.9605571417554,34,female,1
51009.70658360612,691.6764106076018,38,male,1
42201.77886234132,803.1031693550196,27,male,0
65584.33430427975,732.1597266856628,3,female,0
76222.90089312299,711.6829222683637,23,male,1
34804.56574480013,671.0109480698286,12,female,0
59610.82487253355,709.123867578435,12,female,0
47419.75490626594,814.0841429933805,3,female,0
81918.43555637173,743.7163462381751,16,female,0
69871.59093889358,677.9570010614843,6,female,0
90174.10228850711,682.9141443448117,9,male,0
29024.699971017297,730.3463837719071,1,female,0
80683.93200722322,748.2322996097025,14,female,0
63253.308209771465,642.6502024144868,4,male,0
45496.531004094635,719.5572322148835,7,female,0
69784.06987117407,736.1640921593228,10,male,1
91320.6654565505,763.0550088326384,3,female,1
92092.28249345832,639.7808152191677,25,male,1
76444.36408513211,815.3543265040721,8,female,0
40167.906283582444,679.7294991286798,20,male,0
66197.2690684507,678.0953906489046,19,female,0
66848.45152159974,675.0051611160466,11,female,1
84840.33245287256,729.3823419826832,37,female,1
56702.49641960249,653.6729202881663,5,male,0
60311.43566031757,786.8491112201498,15,male,1
46929.826141378195,677.0225226246636,7,female,0
73361.74641274099,706.2910984066131,35,male,1
55691.79021692298,644.0026715166684,11,male,1
63719.57177511178,673.9056522760234,39,female,0
50608.99974232215,599.3284973846288,33,female,0
60944.79227464835,698.5645800223839,0,male,1
38391.73990046012,694.8428771219772,12,female,0
63217.783336508954,611.934342134446,12,male,0
47948.49551544702,690.7416639890641,36,male,1
73986.57108856486,725.2038410612336,22,male,1
96949.06837009054,767.7283382292018,23,female,1
76914.02484242947,654.6023898258425,34,female,1
37601.549723327684,609.0977705619763,2,male,0
52814.06568202993,693.8633551522295,19,male,0
27806.098317650667,789.7243008514781,37,female,1
60271.40123783953,683.9745243254539,14,female,0
